:020000040000FA
:10000000E00B2020A5010000A9010000AB010000C9
:1000100000000000000000000000000000000000E0
:10002000000000000000000000000000AD01000022
:100030000000000000000000AF010000B10100005E
:10004000B3010000711F0000B3010000B301000004
:10005000B3010000B3010000B3010000B3010000D0
:1000600000000000B3010000B30100000000000028
:1000700000000000B3010000B3010000E1570000E0
:10008000B301000081570000B30100005557000084
:10009000B3010000B30100000000000000000000F8
:1000A000B3010000B30100000000000000000000E8
:1000B000B301000000000000B3010000B301000024
:1000C00000F002F800F05FF812A030C808382418D9
:1000D0002D18AC4201D100F056F80FCCA246AB4629
:1000E0000CA730CF2D1B083F3F197C427F1E544484
:1000F0002D090426F441641EAC4201D300F043F8FC
:100100000126334200D0FB1A3343984754465D46DC
:10011000DFE700003CAD00005CAD00000808080807
:10012000103A02D378C878C1FAD8520701D330C840
:1001300030C101D504680C60704708080808080839
:100140007047080808080808002300240025002636
:10015000103A01D378C1FBD8520700D330C100D583
:100160000B60704710B5642902D100F07BF810BD18
:10017000782902D100F0ACF810BD002010BD1FB5E9
:100180001FBD10B510BD01F0B1FB1146FFF7F7FF21
:1001900006F060F901F0C9FB03B4FFF7F2FF03BCFE
:1001A00005F060FB06480047FEE7FEE7FEE7FEE7D6
:1001B000FEE7FEE703480449024A044B704700008B
:1001C000C1000000E0072020E00B2020E0072020F5
:1001D0000FB4054910B503AA029801F0DBF910BC71
:1001E00008BC04B018470000D80320200FB41CB589
:1001F000074B06AA7B4469460090059801F0B1F9C7
:100200000020694601F0C0F91CBC08BC04B01847C6
:100210009113000070B5044685690068C10601D5D8
:10022000302600E02026C00707D070BD6268304647
:10023000A1689047206A401C20626D1EF6D570BDF3
:1002400070B5044685690078C00707D170BD626843
:10025000A16820209047206A401C20626D1EF6D5C0
:1002600070BD0808F7B5002575291068009914A617
:1002700011D0C046C046002802DA404211A608E06C
:10028000009909688A0701D50FA602E0490704D53D
:100290000EA6012501E0C046C046009F0024243779
:1002A00004E001F0AFF930313955641C0028F8D171
:1002B0002B4632462146009801F0F6F8FEBD0000BC
:1002C000000000002D0000002B00000020000000B6
:1002D00070B504460D4621461068C046C0462188C8
:1002E000090502D50F4A7A4402E00E4A7A440E32DA
:1002F00023460021243305E006070009360F965DEA
:100300005E54491C0028F7D120780023000705D54A
:10031000702D03D0002901D002231132204601F0B4
:10032000C3F870BD32820000F3B50446002081B0EE
:1003300020622046E168884700287DD0252802D029
:100340006268A16883E0454F00257F442046E1684C
:1003500088472028064608DB312E06D2B8192038F7
:100360000078002801D00543F0E7A80701D5042054
:1003700085430020E0610746A0612A2E0AD030465E
:1003800007F0FEFB002827D0B8000019303E00908F
:10039000866119E00298BA00121902C891610290B0
:1003A0002046E1688847012F064617D1E0690028FA
:1003B0001FDA202085431CE000980A218069484309
:1003C00000998019303888612046E16888470646E0
:1003D00007F0D6FB0028EFD1012F0AD02E2E08D12E
:1003E0002046E16888470646202005437F1C022FEF
:1003F000C3DBA069002803DA4042A0610120054365
:10040000E80701D010208543002E24D03046413823
:10041000192803D80120C002054320362046256054
:100420003146029A1546FFF79DFE00280CD00128A0
:1004300007D0ED1DE80800E00DE0C0000830029094
:1004400077E72D1D029574E762683046A1689047F2
:10045000206A401C6CE7206AFEBD0000F6810000A7
:1004600010B5024A01F0AAF810BD000000002020DB
:10047000401ECAB24178401C8A4202D00029F9D1FC
:1004800000207047034610B50B439B070FD1042A89
:100490000DD308C810C9121FA342F8D018BA21BA48
:1004A000884201D9012010BD0020C04310BD002AA0
:1004B00003D0D30703D0521C07E0002010BD0378FF
:1004C0000C78401C491C1B1B07D103780C78401C7E
:1004D000491C1B1B01D1921EF1D1184610BD080802
:1004E00030B5441C03E00178401C00290DD0810781
:1004F000F9D10B4BDD0104C8D11A91432940FAD040
:10050000001B0A0603D0C01E30BD001B30BD0A040C
:1005100001D0801E30BD0902FCD0401E30BD00005D
:100520000101010101E004C0091F0429FBD28B076E
:1005300001D50280801CC90700D0027070470029D5
:100540000BD0C30702D00270401C491E022904D3FD
:10055000830702D50280801C891EE3E70022EEE7B4
:100560000022DFE7F8B507460B46394619438907ED
:1005700013D1164CE601042A0FD302CB0D1B8D4379
:10058000354202D102C0121FF5E7CBB20370401C06
:10059000521E002B13D0090AF7E7002A14D019784D
:1005A000521E5B1C0170401C002908D0002A0BD091
:1005B0001978521E5B1C0170401C0029EDD1002AE5
:1005C00002D01146FFF7CAFF3846F8BD010101010C
:1005D000002203098B4273D3030A8B4258D3030BC7
:1005E0008B423CD3030C8B4221D312E003460B43D6
:1005F0007FD4002243088B4274D303098B425FD31C
:10060000030A8B4244D3030B8B4228D3030C8B4247
:100610000DD30902FF2212BA030C8B4202D312122D
:10062000090265D0030B8B4219D300E0090AC30B02
:100630008B4201D3CB03C01A5241830B8B4201D3AF
:100640008B03C01A5241430B8B4201D34B03C01A98
:100650005241030B8B4201D30B03C01A5241C30A10
:100660008B4201D3CB02C01A5241830A8B4201D381
:100670008B02C01A5241430A8B4201D34B02C01A6B
:100680005241030A8B4201D30B02C01A5241CDD210
:10069000C3098B4201D3CB01C01A524183098B425B
:1006A00001D38B01C01A524143098B4201D34B0144
:1006B000C01A524103098B4201D30B01C01A5241A7
:1006C000C3088B4201D3CB00C01A524183088B422E
:1006D00001D38B00C01A524143088B4201D34B0017
:1006E000C01A5241411A00D2014652411046704789
:1006F0005DE0CA0F00D04942031000D3404253408E
:100700009C46002203098B422DD3030A8B4212D34D
:100710008901FC2212BA030A8B420CD3890192117F
:100720008B4208D3890192118B4204D389013AD0BC
:10073000921100E08909C3098B4201D3CB01C01A91
:10074000524183098B4201D38B01C01A52414309A4
:100750008B4201D34B01C01A524103098B4201D392
:100760000B01C01A5241C3088B4201D3CB00C01AFF
:10077000524183088B4201D38B00C01A5241D9D217
:1007800043088B4201D34B00C01A5241411A00D298
:1007900001465241104663465B1001D34042002B94
:1007A00000D54942704763465B1000D3404201B513
:1007B0000449002802DC491C084000E00846C04605
:1007C000C04602BDFFFFFF7F7047704770470808B3
:1007D0000246C80FC00781434B0030B54B405B0059
:1007E0009B0D20D01923DB06C91801231B05994254
:1007F00020DB0324A40704251346AB400BD3002BB6
:1008000004D1EB0613409B00E34204D401246407A7
:10081000002312195941FF231B0599420BD2C9002D
:100820000143500F09E0CB0204D501430803024302
:1008300005D0054830BDFF21C905084330BD084635
:1008400007210905884330BD0000C07FF0B50C4684
:10085000871A9C410D46861A9D4103D2C01BA141B7
:10086000D21963410D0D1F0DC94EEC1BAE435CD078
:100870007F057F0D0026002F51D02D05AC46A943E2
:10088000DD020123ED0A1B051D4320231B1B24D47D
:100890001746E740381871412F46E740CC199D4074
:1008A0002818314661410C0D27D161449A4013D577
:1008B0000023401C594152000ED140084000012243
:1008C0004B005205D34207D305204007C14201D552
:1008D000B04900E0B0493046F0BD6B00002A00D0BE
:1008E00001229A181F23203C1B1B01D5002302E084
:1008F000E540281871410C0DD7D0012424050919B1
:10090000C407CD0740084908E40F28436144002C80
:10091000D5D00024401C61419A40D0D1CDE76A0572
:10092000520DD9D1C90FC907D5E79C4D4E000028FB
:1009300001D0012400E0002434195F00002A01D016
:10094000012600E00026BE19954FAC420CD8AE42FD
:100950000AD8B44206D001256D05EC42BCD0104641
:100960001946F0BD9942FCD000203946F0BDF0B5E3
:100970001FB40C460F46811A9F412546861A9D4199
:1009800006D20125ED076F40401ABC4152187B4149
:10099000210D1E0D8D1BAC467D4D8D437ED0750502
:1009A0006D0D7CD00D05AE46AC431B031B0B794D82
:1009B00052429D41202366469B1B14D31746F740A5
:1009C000381800260090744160462F460741E4190C
:1009D00000989D402818664116D4714671189A40B7
:1009E00025D5012320E093182A466A415200002BA6
:1009F00000D0521C1E23203E9B1B002B61DD354185
:100A0000EE1728186641E8D5001876415B1C9A401D
:100A100000D3401C4B05F3181524E34010D3002BE2
:100A200052D071467118D30FC01802D3491C05B0BB
:100A3000F0BD0123DB079A42F9D140084000F6E7F8
:100A400001225205B21801D1002853D00123CC0A4B
:100A5000DB029943891E002A08D1020C03D0020C44
:100A60000004103902E00246002020390023550B13
:100A700005D112020823550B01D152010D23550C4B
:100A800001D112011B1DD50C01D192009B1C150D2B
:100A900001D152005B1C2025EE1A01E02CE022E07F
:100AA0000546F54015439840CA1AE1076918130531
:100AB000C918002ABBDA032040070818C10FC9076C
:100AC0000FE071466118B2E7F10740080843711062
:100AD00071444A000CD001235B059A42A7D2C90F8A
:100AE000C9070020A3E74905490D26D1002001E0F0
:100AF0000028F4D100219AE7284D6600002801D093
:100B0000012100E0002171185F00002A01D00126B8
:100B100000E00026BE19224FA94210D8AE420ED8DE
:100B2000B14208D001256D05E94206D01946A80258
:100B3000414010467BE79C4201D0214677E70020E8
:100B4000394674E710B50C465C4005D50124E4072E
:100B50006340FFF70CFF10BDFFF778FE10BD30B407
:100B60000C465C4004D50124E407634030BC6DE6CC
:100B700030BCFCE670B50124E40761400D465D40E1
:100B800002D4FFF763FE70BD6340FFF7F0FE70BD57
:100B9000FF0700000000F0FF0000F07F0000E0FF12
:100BA0000000F87FF0B5F94D0C091E092C402E40CD
:100BB0002F468BB0A7437DD0B543FCD0002E7AD012
:100BC000002CFCD00D465D40ED0F2543AC1BFF25EE
:100BD000AD0464190894C502440DC9022143500DA7
:100BE000DC0204430120C00701430443D202019107
:100BF000200C110C00958C46010423468B430A916E
:100C000061460904E24D8A430991010A7D4449196C
:100C10008039097805464D4301266D18F605751B88
:100C20006943C90C640B891C4C436418B5012C1B27
:100C3000250C2E04B4434C434D43210C69188909FB
:100C40000591009DE90701D00121C90704912C46B7
:100C500001996708CD072F434C08059DE10B4D43D3
:100C60002D0C29466646754302950D4645432E4692
:100C7000029D7D1BB44100950D465D4301942C0CF3
:100C80002F040D465543AE462D0C3D43029503946B
:100C90007546049C2D04641B049406D2029C039D9B
:100CA000641C002675410395029401AC70CC009F32
:100CB0007D1B01E03EE162E1B4410904009507912A
:100CC00001940599A4086143090C0C464443650B43
:100CD000E7040C4666467443A646640B3C43039502
:100CE00002947446049DE4042C1B049406D2029CD6
:100CF000039D641C002675410395029401AC70CCE1
:100D0000009F7D1BB44101940C465C430095650F28
:100D1000E7000C465443A646640F3C4303950294F7
:100D20007446049DE4002C1B049406D2029C039D8F
:100D3000641C002675410395029401AC70CC009FA1
:100D40007D1BB441AE09AF06049DC900AD092F4318
:100D5000049DA406AD060495079D344369180791C8
:100D6000059DE10B4D432D0C2946664675430295C2
:100D70000D4645432E46029D7D1BB44100950D4610
:100D80005D4301942C0C2F040D465543AE462D0CAB
:100D90003D43029503947546049C2D04641B049402
:100DA00006D2029C039D641C0026754103950294A3
:100DB00001AC70CC009F7D1BB44101948C0506945E
:100DC000079C890A611800950791019C0599A40860
:100DD0006143090C0D464543680BEF040D4664461C
:100DE00065436C0B3C43049FED047D1BAC4602D273
:100DF0000025641C6841009E019D371B8541084603
:100E0000584301950C46460FC5005443600F2843D4
:100E10006546E4002C1B02D20025401C6E41019D5A
:100E20003F1AB5412846BD09800628438446A009DB
:100E3000BF064E020699A40676180743079D0020B8
:100E400068410A99079019430020099B0090604669
:100E5000FF1913434041E20F64003A43A44604469D
:100E6000D71A8C41A04203D90120009020463A466F
:100E7000C70F941840416246D20F22436446640073
:100E80000494009CBE466400D71AA4460446029708
:100E90008C417746002F01D1A04204D96046401C06
:100EA0008446029A2046C40FA64694184041049AEC
:100EB0000546D20F224364466400D31A8D41714621
:100EC000002901D1A84202D928461A46641C1043C1
:100ED0000122002800D0164361020020079B8919D7
:100EE00004465C410223002C02DB4918134664418E
:100EF000089DCE0A2D145D194B056705E10A2C05E6
:100F00000D1908993E43C9076940002B08D093404A
:100F100006D30022761C5141002B01D176087600C1
:100F20001C4A002D43DB154241D0AA433FD0304636
:100F30000BB0F0BD06180D464D41174C7642AC4142
:100F40001AD395181C465C41134A6D42A24113D333
:100F5000012252054C00D4420AD15C00D4420BD08D
:100F60004B4002D592021143E2E749004908DFE70E
:100F70005940C90FC90718E000200849D8E70548BB
:100F800001420DD10342F7D0F2E700000000FF0755
:100F9000457900000000F07F0000E0FF0000F87FCE
:100FA000114859400143C01241400020C0E70123CD
:100FB000089A9B069A4205DC032252078918C90F3A
:100FC000C907B5E7052252078918074A1143D2120B
:100FD0005140ADE770B515461C4602460B46284603
:100FE0002146FFF7DFFD70BDFFFFFF7FF0B58B4CA3
:100FF0000F09254689B0BD437BD01D092646AE4367
:10100000FAD00E465E402740F60F3E43254071D091
:1010100024012142FBD0FF24AD19A4042D1B03950C
:1010200001252D05DB02DB0AC9022B43C90A29432E
:101030001E010901040F130F050121431701880B3D
:10104000820391432D098C46A90B1E438A039543C5
:10105000B30B9A0396433F09BA0B9403A743029636
:101060002E467E430497B6464E19D7190C46019674
:10107000544305977E43371B7646BF1B3601B64661
:10108000BE0B361900967646BC043719009C01D376
:10109000641C00946400002F01D001263443029E9A
:1010A000049F754366467E430496760034196E00AD
:1010B00034190094029C019E1C196643751BAE46B0
:1010C000069465464519059C05956C43594375463C
:1010D0000891691A0191049E01465143A41B049191
:1010E000611A009C0791E10605D0610901221143B4
:1010F00002E072E06EE06109089D00272C0A2D06CF
:101100006918049D7C412A0A2D066918019D6241D7
:10111000AC0DAD026D185441079A910D920255190C
:101120006141029A644658435443069B059A5A43C8
:10113000121A131B9A0E9B015B187A41010B0005D2
:10114000C3185141220A200644195A419A4200D23A
:10115000491C01204002814203D315230226F64395
:1011600002E014230326F6432020C51AA94017469F
:10117000AF40DA400A4320460399D8400914731857
:1011800019055118039A3843D2075140AC4009D091
:101190000122944006D30022401C5141002C01D171
:1011A000400840001E4A934212D30122039892063F
:1011B000904207DB0520400709181A480143C01276
:1011C000414004E0032040070818C10FC907002070
:1011D00009B0F0BD0020F107FAE705180C464C41B4
:1011E00011486D42A04115D394181A465A410E4831
:1011F000644290410ED301204A004005824209D347
:101200005A00824206D35940C90F084AC907002034
:101210001143DDE700200649DAE700000000FF0780
:10122000FE070000FFFFFF7F0000E0FF0000F07FEF
:101230000000F87F0121C9050123411842001B0667
:10124000D3185B0E0AD0C1100722D20689184007B6
:101250005242D14201D5520089187047090208D57F
:101260000146002A03D0C10FC9070020704710466D
:101270007047420202D00020024970470721090549
:101280000143F4E70000F87FF0B5FF252D04C609FF
:10129000C209FF2704462E400137CB093E43484090
:1012A0002A402B400746002A6BD0002B69D0AA4267
:1012B00067D0AB4265D0002800DA32460125ED0543
:1012C00029432C4309022002090AD21A4B0C7F241D
:1012D000E31A434C000A7C44E35C7D242404121985
:1012E00014145B00A218884201D3521C00E0400095
:1012F00049420C465C4324115C43DB016415E3184E
:10130000040A5C43C502200D0C4644436419250AB7
:101310005D432303EC0C0D46654300030019EB18F5
:101320004C42A34201D35B18401CD4052018002B6B
:1013300007D05B00C91804D3401C002901D1400824
:1013400040003F2189048A4209D3002A08DC1106A3
:10135000090F04D0032149074018C00FC007F0BD92
:1013600001224100120689187F2252069142F6D2CC
:1013700005214907C84201D59010F0BDFF20C005E6
:10138000F0BD002F00DA32461648AA4207D2AB421F
:1013900005D21902090E17D0F80FC007F0BDFF25BE
:1013A00063002D06AB42F9D84900A942F6D8AB42FA
:1013B00001D1A942F2D0A94201D1002101E061008E
:1013C0004908D0050843F0BD1102090EFBD0FF20EB
:1013D0000243D005F0BD0A460146104654E700001E
:1013E000FB7200000000C07F10B501469E24000281
:1013F000CA15A307002A02D01843002A04DBA21A48
:10140000002A0CDDD04010BD1206120E01D14000A2
:101410004008A21A03D4D04040420028F3DDFF2246
:1014200048001206904201D9002010BDC817C043E1
:10143000584010BD1F22030C02D10F2200041CD003
:10144000030E01D10002083A030F01D10001121F5F
:10145000830F01D18000921E002801DB4000521E44
:10146000D2055118021251181922904004D3491C78
:10147000002801D14908490008467047C10FC90733
:1014800000D04042012292071143D3E7012189078E
:10149000D0E710B500F0FAF8006810BD10B50446AA
:1014A00000F0F4F8046010BDFFB504460D4681B0AD
:1014B000243000902168880604D51022E069914309
:1014C000216000E00120A84201DD471B00E0002769
:1014D0000498A1697A191018081AA0612078C0062A
:1014E00002D42046FEF796FE002608E003986268C4
:1014F000A168805D9047206A401C761C2062049899
:101500008642F3DB2078C0060AD52046FEF782FE2D
:1015100006E06268A16830209047206A401C206283
:1015200038467F1E0028F4DC07E000986268A16856
:10153000405D9047206A401C206228466D1E0028AE
:10154000F3DC2046FEF77CFE2078000602D5022060
:1015500005B0F0BD0120FBE701694A1C0261087873
:10156000704700B58FB002910021059105490193A4
:1015700079440391114604906846FEF7D5FE0FB0FA
:1015800000BD0000E5FFFFFF0A681070521C0A60F2
:1015900070470808084B70B50D467B44FFF7E1FF24
:1015A0000446284600F076F8002802D00020C04308
:1015B00070BD204670BD0000D74D0000F8B515463F
:1015C0000E46040003D12C68002C00D10CA4204648
:1015D00000F075F80419207800280ED0274631460F
:1015E000384600F05BF804192078002802D000206B
:1015F0002070641C38462C60F8BD0027FAE7000014
:101600000000000001468008081A02091018020AAA
:101610001018020C1018C008820012185200891A03
:1016200001E0401C0A390A29FBD2704770B5054613
:101630004800440D124B0020002C0AD0634008D013
:101640009A4206DA6642B24203DD12054019514160
:1016500070BD002C08D0002B09D0C90FC907002A83
:10166000F6DB084A114370BDC90FC90770BD284693
:101670000A03104302D00020034970BD284670BD04
:10168000FF0700000000F07F0000F87F004870476F
:1016900058002020C06880210840704730B50346BC
:1016A0001D78002D03D00A4603E0AC4201D1181A80
:1016B00030BD1478521C002CF7D15B1CF0E730B51C
:1016C00003461D78002D08D00A461478521C002CC1
:1016D00003D0AC42F9D15B1CF3E7181A30BD0808FF
:1016E000F8B5264C4E00069DA6420AD8A64201D166
:1016F000002806D15E00A64203D8A6420AD1002ADD
:1017000008D00D242404254233D02946002000F0BF
:1017100014F9F8BD0C461C4311D4994207D0C81ADD
:1017200002D3EFF30080F8BDEFF30080F8BD801A1C
:1017300002D3EFF30080F8BDEFF30080F8BD092479
:101740002407E5008B4207D0581A02D3EFF300803C
:1017500006E0EFF3008007E0101A03D3EFF30080F8
:10176000A04303E0EFF30080A043284380F3008808
:10177000F8BD009500F0F8F8F8BD00000000E0FFAB
:10178000F0B53D4B02460C461C400020002C63D0B7
:101790003A4D8B4366D000296BDB0B0D1D05A94329
:1017A00001252D0529430124FD33E34001D392187F
:1017B0004941FF3381339C468B02940D0121234321
:1017C00089074C42920200271B198C105D1A04D421
:1017D0002D1B02D42B466500491992185B41640801
:1017E000F4D15C1A08D40125ED07EE1755197441A0
:1017F00002D42A462346491C94185B4101229207D1
:101800001D46E61B8D4106D4B61A854103D42B46EE
:10181000550034467F1924195B415208802AEFD1C4
:10182000234300D0022338460A22D04001D30122AC
:1018300013438A0510436246890A12058918002B52
:1018400009D00122D34002D30022401C5141002B79
:1018500001D140084000F0BD0B03134307D0C90F6E
:10186000C907F0BD0803104303D1002901DB10466E
:10187000F0BD00202946F0BD0000F07F0000F87F99
:1018800010B5FF231B0644009C421DD84C009C420F
:101890001AD80346124A0B4307D4401A02D3EFF377
:1018A000008010BDEFF3008010BD081A03D3EFF3E2
:1018B0000080904305E0EFF3008001219043C907C9
:1018C000084380F3008810BD0D231B041A4204D086
:1018D0001146002000F031F810BD00F04FF810BDA7
:1018E0000000009000487047580020207546FFF720
:1018F000F9FFAE46050069465346C008C00085465C
:1019000018B020B5FEF756FC60BCB646002600278E
:10191000C0C5C0C5C0C5C0C5C0C5C0C5C0C5C0C59F
:10192000403D490849008D46704710B50446C04601
:10193000C0462046FEF730FC10BDC80212D5480351
:10194000400F002804D0C803C043012188407047DD
:10195000EFF300800001000903210907084380F329
:10196000008870470020704710B500200249029A95
:1019700000F00CF810BD00000000F87F10B5024820
:1019800000F004F810BD00000000C07F10B50C4648
:101990001107090F092904D00A290AD008290CD1F6
:1019A00004E011460820FFF7C8FF06E0510606D5FF
:1019B00001E0510601D50120C007214610BDD10626
:1019C00007D501010909CC084907000E00060443A8
:1019D00009E0410F20024907000A0143200E0006DA
:1019E0001D22D14101430846E7E7811E091F00BFC0
:1019F000FCD27047F0B585B001221402344B19684F
:101A00000494A1431960950362490E682E4208D1DF
:101A10000E682E4205D10E682E4202D10E682E426B
:101A2000F3D0457E15409E69964375199D6120252A
:101A3000455D03263540DF69B7437D19DD61254DDE
:101A40002E6805272F60476A3C681C627C685C62D0
:101A5000072434402C60C4697F252D02DE69AE4323
:101A60006406640C3419DC6150C805680095476849
:101A700085680195C568029503929A69164D1540CF
:101A80002207120B3403A4B2A2183A43009C240785
:101A9000240D1443019A1443029A1443007C2043FA
:101AA0000E4A0240501998611868049A1043186051
:101AB000039840020A68024208D10A68024205D12E
:101AC0000A68024202D10A680242F3D005B0F0BDB2
:101AD00008010B40001340408D00F0FF72FF0F0023
:101AE000F0B5184B1D46083D2E680124A6432E6014
:101AF0000326360330401F68B7433818186018684B
:101B0000FF26B043C9B240181860286820432860F7
:101B10001868002A11D021070843186020021D49C7
:101B20000A68024208D10A68024205D10A680242E4
:101B300002D10A680242F3D0F0BD21078843186041
:101B4000F0BDC04610010B4010B51149886001225C
:101B50005305104804681C4208D104681C4205D192
:101B600004681C4202D104681C42F3D012040B68C2
:101B700013430B600168C90608D40168C90605D47F
:101B80000168C90602D40168C906F3D510BDC04674
:101B900004010B4004020B40F0B582B07B4E844A36
:101BA0008518894A821801923B4A83180A794C7930
:101BB0003A4F012C26D1202A04D00524E401002A22
:101BC00003D003E0364C002A00D188249E683E40B2
:101BD00026439E60DE683E402643DE60AC686D4E64
:101BE0003440AC60EC683440EC600024019EB4608A
:101BF000F4608F24E4439E6926409E61DE6926409E
:101C0000DE61624E80198E790C68202A009208D01D
:101C1000191D002A15D1641E44601A683A408824B0
:101C200015E0611E4160196839401D4A1143196071
:101C3000596839401143596001214C07194F014639
:101C400007E0620842601A683A400524E401224332
:101C50001A600A683A4022430A6029684D4A1140D6
:101C600029606968114069600021019A1160516022
:101C70008F21C9431A690A401A615A690A405A6198
:101C800000990E43BD2131400268074B1340C9182B
:101C9000891C016002B0F0BD7018000024493E00AC
:101CA00001040000FFFFFFCF4000FFCF70B5374AAF
:101CB00082184B6853603E4BC3180878222857D8C7
:101CC000840001A52C59A746671D0000711D000066
:101CD000671D0000711D0000711D0000711D0000D6
:101CE000711D0000711D0000711D0000711D0000BC
:101CF000711D0000711D0000711D0000711D0000AC
:101D0000711D0000711D0000551D0000711D0000B7
:101D1000551D0000711D0000711D0000711D0000A7
:101D2000711D0000711D0000711D0000711D00007B
:101D3000711D0000711D0000711D0000711D00006B
:101D4000711D0000711D0000551D0000711D000077
:101D5000551D0000032424071568A54301246407CA
:101D60002C19146004E0032424071568A5431560AA
:101D70000C69D460CC68064D25401C68054E264091
:101D800074191C60097A0143116070BD04180000C9
:101D9000777702008888FDFF10B507239B04194060
:101DA00092008018024A84589C436118815010BDEB
:101DB0003018000010B5029CA4000019114319430B
:101DC000014A815010BDC046501800009200801892
:101DD000014A81507047C0461018000010B501221A
:101DE000120383180C789C604B7883508978014AE1
:101DF000815010BD0C110000B0B5112212028358A1
:101E00000124A34383508B780C881C438B88234385
:101E1000094C1C408358094D1D402B1983508B7968
:101E2000CC791C43097A21437E23194080184268EB
:101E30009A4351184160B0BD18670000E798FDFF54
:101E400010B50122120383180C789C6049788150E8
:101E500010BD0808F0B583B00126009600250921C1
:101E600021A208242846234602F05EFD0096122196
:101E700020A22846234602F057FD009620A22846BD
:101E80002946234602F050FD01F032FF374604F0A8
:101E9000A5FC054600940196FAB23C2012210223CB
:101EA00002F0BCF8009401962A20002103232A4660
:101EB00002F0B4F801F01CFFC82003F0E7FD7F1C1E
:101EC000002DE4D1012000903C200A210EA208231D
:101ED00002F02AFD01F00CFF7D20C00003F0D6FDCA
:101EE00000F026FF03B0F0BD444D5020696E672E10
:101EF0002E2E0000417474656D7074733A000000FA
:101F00004572726F723A00004F4B21004849896850
:101F100001604849896841607047C046B94802215C
:101F200001600160B848016001607047B0B5404A87
:101F30001168404B1868002414605160586095681F
:101F40006D189560CD0F15731C609A6812189A6011
:101F5000C20F1A7349194910034B196080184010B9
:101F600002490860B0BDC046B8002020BC00202057
:101F7000F0B52C480168491C01602B4800688107B6
:101F800036D501267405B5050021CA43274B103B01
:101F90001F68B9020DD42F42244F18D0C8490968D0
:101FA0002142144600D00124214909680E192C460B
:101FB00008E0C3490968294200D016461C4909684F
:101FC0008E191A4F1A490E60396821433960196811
:101FD00089040DD501246303B8490968002900DA92
:101FE000224614490C68A2180A60396819433960FE
:101FF000C00705D01048014610390968002900D4EF
:10200000F0BDAF490A68012192040A4601D50022B9
:10201000D243084B1C68A2181A60C90702680A4319
:102020000260F0BDC80520203011404048300A4011
:102030009C062020AC06202048100A400148006879
:102040007047C04634072020F0B597B008A83C215F
:10205000FEF786FA5C4E3078002800D1ABE0EFF353
:10206000108072B659490A78594F3888242A03D10A
:1020700000281CD0002020E0002809D001231846A9
:10208000CA5C242A06D0431C3C88A042F7D302E055
:10209000002001E0242209183B88984207D2232A15
:1020A0000BD13A88904200DB87E0002236E0002026
:1020B0003880307062B617B0F0BD00223B881B1A22
:1020C0009A4225DA8B185D78541C232D18D03D8850
:1020D0002D1AAC4216DA9C78232C15D0941C3D881E
:1020E0002D1AAC420CDADD78D41C232D08D03D88A3
:1020F0002D1AAC420ADA1B79121D232BDED107E020
:10210000224605E0012302E0022300E003231A43F4
:102110003B88181A824250DA3A2A43D8541C08A83D
:102120002246FEF71FFA002606550178242939D1E8
:102130004078442836D108A82649FEF791F90028AE
:102140001BD00546234C78212846FEF791F900283C
:102150000AD03A212846FEF78BF9002804D04078AF
:1021600030381D498855761C00202146FEF778F945
:10217000002802D00546082EE5DB174801780791B4
:1021800043788178C478057946798279C07900915D
:1021900001940295039604920590104810A1079AA5
:1021A000FEF724F800200849087038800748C82145
:1021B000FEF7D6F962B617B0F0BD00203880307057
:1021C00062B617B0F0BDC04690012020C8002020A4
:1021D000920120209BAD0000C00020203807202065
:1021E00025642564256425642564256425642564A7
:1021F000000000000120C003024908600249086095
:102200007047C04680E200E000E100E0024801685B
:1022100001220A4302607047041886400120C0056D
:10222000274909680140484248417047012000059C
:10223000234909680140484248417047F0B581B0E0
:102240006946002008700125AE041B4C21781B4F05
:1022500000290BD03968314223D119490A6812028A
:102260001FD50968C9021CD520701AE039683142AF
:1022700006D113490A68120202D50968C902E9D4D5
:102280000A2003F003FC25703868304207D10C485F
:102290000168090209D468460221017001E068461C
:1022A00005706846007801B0F0BD0068C002F8D43F
:1022B000684603210170F4E79401202080130A404E
:1022C00080330A40F0B595B00DAF802038700CAA6D
:1022D0000492002111700BAA059211700A46079111
:1022E0000AA90691087009A80125057056488121A0
:1022F00001605648056008A90A7005640A2003F0C9
:10230000C5FB68266B24304621462A463B4600F032
:10231000D3F9642003F0BAFB304621462A46049BD9
:1023200000F0CAF90EAB182018701B2130462A465F
:1023300000F0C2F90FAB079818701C2130462A46EE
:1023400000F0BAF910AB1320049018701921304630
:102350002A4600F0B1F911AB0420039018701A213D
:1023600030462A4600F0A8F9382130462A46059C16
:10237000234600F0A1F96A2130462A46234600F0A0
:102380009BF9232130462A46234600F095F9372150
:1023900030462A46069B00F08FF97524204600F04F
:1023A00001FA069012AF07983880304621462A4637
:1023B0003B4600F05DF801462548FDF709FF3C78F3
:1023C00024482146FDF704FF682C24D127486824BF
:1023D0002146FDF7FDFE6B21012509AB20462A466B
:1023E00000F06AF96C2108AB20462A4600F064F937
:1023F00013AB04981870192120462A4600F05CF9A6
:1024000014AB039818701A2120462A4600F054F99C
:10241000079815B0F0BD1048FDF7DAFE00950024CE
:102420000EA2082620462146334602F07DFA009689
:102430000195482002232146069A01F0EFFD01F0A4
:1024400057FC284615B0F0BD0480424090120A4067
:10245000A5AD00009DAD0000C0AD00004D5055364B
:10246000303530206572723A00000000AEAD0000D9
:10247000F0B589B00493039205910690EE4981204E
:1024800008900860ED4E01273760376402253560FB
:1024900037600524204603F0DBFB3761204603F05C
:1024A000D7FB0795356106984400E34DE0B200F094
:1024B000C7F900F08DF80028394605D00898286043
:1024C00037603764079F0EE00297059800F0B8F96F
:1024D00000F07EF8089929600125356035640028F0
:1024E000079F39460FD037610125356137600524D4
:1024F00020460F4603F0ACFB3560204603F0A8FBF6
:10250000384609B0F0BD02200690306035600520E5
:10251000059003F09DFB3561059803F099FB069843
:1025200030612C43E0B200F08BF900F051F8002844
:1025300004D00321029FC14EBF4DBFE72E460020AD
:102540000399022901900546BB4C25D34F1E0397E2
:102550000596049D069C059E02F04AFC2870B6482C
:1025600008990160B54806600664046106610524A7
:10257000204603F06DFB0698B04908602046069C93
:1025800003F066FBAD48046106607F1E6D1C002FE2
:10259000E2D1A94C059E039D02F02AFC04994855FE
:1025A00008982060A54D2E602E64069F2F612E6036
:1025B0000524204603F04CFB2F60204603F048FB27
:1025C0002F612E602E46F14D029F019976E7C0469D
:1025D000F0B581B0EE4E0225356101243460EB493F
:1025E000334808603560334F3868C00755D0052040
:1025F00003F02EFBE5493868C0074ED0052003F0F4
:1026000027FBE2493868C00747D0052003F020FBCC
:10261000DE493868C00740D0052003F019FBDB49CC
:102620003868C00739D0052003F012FBD749386855
:10263000C00732D0052003F00BFBD4493868C0072F
:102640002BD0052003F004FBD0493868C00724D004
:10265000052003F0FDFACD493868C0071DD00520DC
:1026600003F0F6FAC9493868C00716D0052003F010
:10267000EFFAC6493868C0070FD18120086034607E
:1026800034643561346135600525284603F0E0FA8D
:102690003460284603F0DCFA06E0356181200860EA
:1026A0000120306030640024204601B0F0BDC046F7
:1026B0008100040080130A40F0B585B000930492B5
:1026C00001910390B148812102910160B04D012434
:1026D0002C602C6402272F602C600526304603F006
:1026E000B7FA2C61304603F0B3FA2F610398400625
:1026F000000E00F0A5F8FFF76BFF002810D0A348EC
:10270000029901602C602C642F612C612F600526DA
:10271000304603F09DFA2C60304603F099FA3EE013
:102720009A4C009E019800F08BF8FFF751FF0028AB
:1027300011D00298206001242C602C642F612C6140
:102740002F600526304603F083FA2C60304603F0F4
:102750007FFA3C4623E00498002827460BD000244B
:10276000305D00F06DF8FFF733FF002816D1641CD0
:102770000498A042F4D10298386001262E602E649D
:10278000022028612E6128600524204603F060FAAB
:102790002E60204603F05CFA002400E0E41CE0B266
:1027A00005B0F0BDF0B583B0019078488121029169
:1027B0000160774E01273760376402253560376046
:1027C0000524204603F044FA3761204603F040FA1E
:1027D0003561D02000F034F8FFF7FAFE019800F0E0
:1027E0002FF8FFF7F5FE02986849086037603764F4
:1027F00035603760204603F02BFA3761204603F03E
:1028000027FA3561D12000F01BF8FFF7E1FE02F056
:10281000EFFA019002985D490860376037643561CE
:1028200037613560204603F013FA3760204603F025
:102830000FFA019803B0F0BD0480424090120A40A4
:10284000F0B581B0514A81211160514F01243C60A3
:102850003C6402253D61009040B2103700283846A4
:1028600000DA4B480460204603F0F2F9484805605E
:102870000526304603F0ECF945480561304603F083
:10288000E7F900984006384600D5414804602046E4
:1028900003F0DEF93E480560304603F0D9F93C48C4
:1028A0000561304603F0D4F900988006384600D51B
:1028B00037480460204603F0CBF9354805603046C0
:1028C00003F0C6F932480561304603F0C1F90098BB
:1028D000C006384600D52E480460204603F0B8F9FB
:1028E0002B480560304603F0B3F9294805613046AE
:1028F00003F0AEF900980007384600D5244804607C
:10290000204603F0A5F922480560304603F0A0F9FF
:102910001F480561304603F09BF900984007384690
:1029200000D51B480460204603F092F91848056062
:10293000304603F08DF916480561304603F088F9FA
:1029400000988007384600D511480460204603F0FF
:102950007FF90F480560304603F07AF90C480561AD
:10296000304603F075F90098C00700D0084F3C606E
:10297000204603F06DF9064C2560304603F068F9F7
:102980002561304603F064F901B0F0BD0480424097
:1029900090120A40F0B581B0014311433FD0044684
:1029A0001046FEF76BFD5A49FEF76EFC574905F0DD
:1029B000F5FC05462046FEF761FD0646294605F072
:1029C00045FDFEF711FD04461C4F38602846314690
:1029D00005F04AFCFEF708FD194B18607D21C9007F
:1029E000184A88420D4602DC9042154601DA1D6005
:1029F00028468C4202DC9442114601DA39600C46CA
:102A0000664901220A7000B2FEF738FD0146C5484A
:102A100000F041F920B2FEF731FD044607E05F48BF
:102A200001210170BF480024214600F034F9BD485F
:102A30003C30214600F02FF901B0F0BDA80720205E
:102A4000A407202018FCFFFFF0B583B002902A4CA9
:102A50002046FFF75BFA294801680CCC0260446805
:102A60004360501A26491F1B81C132267043FEF76E
:102A700005FD244905F092FC234C2146FEF704FC99
:102A800005467E433046FEF7F9FC1E4905F086FCFC
:102A90002146FEF7F9FB00902946019505F0D6FC8A
:102AA0003F210E06314605F079FC0746FEF79CFCF7
:102AB000029C60802846009D294605F0D5FB3146E2
:102AC00005F06CFCFEF790FC208010493846FEF7BC
:102AD000DBFB0F4905F062FCFEF786FCA080914C01
:102AE0002046019900F0D5F83C342046294600F0F4
:102AF000D0F803B0F0BDC046B8052020B0052020B6
:102B0000C00520206A7C5243004092440A171D43AE
:102B100000007A44B0B50F48FFF796FF1F480078D1
:102B2000002811D07F4C204600F03CF8FEF75CFCFA
:102B300005463C34204600F035F8FEF755FC0146CA
:102B4000284602F0FDF8B0BD0020014602F0F8F87A
:102B5000B0BDC0463A042020F0B581B004460F490C
:102B6000012008706F4D00262846314600F093F88A
:102B70002F463C373846314600F08DF8084806703D
:102B800006480670284600F07AF8384600F077F8D4
:102B9000204600F085F801B0F0BDC046CC052020ED
:102BA000CD052020F0B583B004463020205C0028FD
:102BB0004AD0A06AE16A05F049FC0646616805F062
:102BC000EDFB00902061276A3046394605F03EFC57
:102BD0000146206805F0E2FB0546E06038460197B3
:102BE000394605F041FB01460296304605F02EFCC1
:102BF000616A05F039FB0146A06805F0CFFB064687
:102C000060612846009905F02FFB314605F02CFB4A
:102C10000146A06905F028FB0746A061656B2946BF
:102C200004F096FF002801D1A5612F46A56B384618
:102C3000294604F077FF002801D1A5612F460298AC
:102C400020620198606208E00027A761E7612762BF
:102C50006762A762E76218342776384603B0F0BD92
:102C600010B504460EC000302421FDF779FC302059
:102C7000012121540398A0630298606310BD0021D4
:102C80008161C161016241628162C1621830017675
:102C90007047C162704730220123835481627047BC
:102CA000B0B50022012801D0144600E00A4C0B4DBB
:102CB00028462146FFF78AF8012228462146FFF7D9
:102CC00085F8022228462146FFF780F8032228468D
:102CD0002146FFF77BF8B0BD52030000000086409C
:102CE000F0B583B00D4801900D4800903F200406D8
:102CF0000C4D0D4E0D4F284631463A462346FFF700
:102D0000AFFF07480090054801903C352846314602
:102D10003A462346FFF7A4FF03B0F0BD00C041C40C
:102D200000C04144BC062020CDCC4C3F8FC2753D35
:102D300010B5CA4802467C32802300211170141F4E
:102D400021701446083C217014460C3C2170144636
:102D5000103C21701446143C21701446183C21701C
:102D600014461C3C21701446203C21701446243C1F
:102D700021701446283C217014462C3C21701446C6
:102D8000303C21701446343C21701446383C21708C
:102D900014463C3C21701446403C21701446443C8F
:102DA00021701446483C217014464C3C2170144656
:102DB000503C21701446543C21701446583C2170FC
:102DC00014465C3C21701446603C21701446643CFF
:102DD00021701446683C217014466C3C21701446E6
:102DE000703C21701446743C21701446783C21706C
:102DF00014467C3C2170203B8032002B9DD1024642
:102E00007D3280231170141F21701446083C2170FC
:102E100014460C3C21701446103C21701446143C9E
:102E200021701446183C217014461C3C2170144635
:102E3000203C21701446243C21701446283C21700B
:102E400014462C3C21701446303C21701446343C0E
:102E500021701446383C217014463C3C21701446C5
:102E6000403C21701446443C21701446483C21707B
:102E700014464C3C21701446503C21701446543C7E
:102E800021701446583C217014465C3C2170144655
:102E9000603C21701446643C21701446683C2170EB
:102EA00014466C3C21701446703C21701446743CEE
:102EB00021701446783C217014467C3C2170203BE4
:102EC0008032002B9ED102467E3280231170141F67
:102ED00021701446083C217014460C3C21701446A5
:102EE000103C21701446143C21701446183C21708B
:102EF00014461C3C21701446203C21701446243C8E
:102F000021701446283C217014462C3C2170144634
:102F1000303C21701446343C21701446383C2170FA
:102F200014463C3C21701446403C21701446443CFD
:102F300021701446483C217014464C3C21701446C4
:102F4000503C21701446543C21701446583C21706A
:102F500014465C3C21701446603C21701446643C6D
:102F600021701446683C217014466C3C2170144654
:102F7000703C21701446743C21701446783C2170DA
:102F800014467C3C2170203B8032002B9ED17F3048
:102F900080220170031F19700346083B1970034615
:102FA0000C3B19700346103B19700346143B197013
:102FB0000346183B197003461C3B19700346203B1F
:102FC00019700346243B19700346283B19700346C9
:102FD0002C3B19700346303B19700346343B197083
:102FE0000346383B197003463C3B19700346403B8F
:102FF00019700346443B19700346483B1970034659
:103000004C3B19700346503B19700346543B1970F2
:103010000346583B197003465C3B19700346603BFE
:1030200019700346643B19700346683B19700346E8
:103030006C3B19700346703B19700346743B197062
:103040000346783B197003467C3B1970203A803068
:10305000002A9ED100F04CFE10BDC04695012020F4
:10306000F0B59DB00646481EC0B2032800D990E2D4
:103070001F46002A00D198E1024A10467C30802386
:1030800002E0C0469501202000240470051F2C702A
:103090000546083D2C7005460C3D2C700546103D3C
:1030A0002C700546143D2C700546183D2C700546C5
:1030B0001C3D2C700546203D2C700546243D2C708F
:1030C0000546283D2C7005462C3D2C700546303DAC
:1030D0002C700546343D2C700546383D2C70054655
:1030E0003C3D2C700546403D2C700546443D2C70FF
:1030F0000546483D2C7005464C3D2C700546503D1C
:103100002C700546543D2C700546583D2C700546E4
:103110005C3D2C700546603D2C700546643D2C706E
:103120000546683D2C7005466C3D2C700546703D8B
:103130002C700546743D2C700546783D2C70054674
:103140007C3D2C70203B8030002B9DD110467D3083
:1031500080230470051F2C700546083D2C70054621
:103160000C3D2C700546103D2C700546143D2C700E
:103170000546183D2C7005461C3D2C700546203D2B
:103180002C700546243D2C700546283D2C700546C4
:103190002C3D2C700546303D2C700546343D2C707E
:1031A0000546383D2C7005463C3D2C700546403D9B
:1031B0002C700546443D2C700546483D2C70054654
:1031C0004C3D2C700546503D2C700546543D2C70EE
:1031D0000546583D2C7005465C3D2C700546603D0B
:1031E0002C700546643D2C700546683D2C700546E4
:1031F0006C3D2C700546703D2C700546743D2C705E
:103200000546783D2C7005467C3D2C70203B803077
:10321000002B9ED110467E3080230470051F2C7039
:103220000546083D2C7005460C3D2C700546103DAA
:103230002C700546143D2C700546183D2C70054633
:103240001C3D2C700546203D2C700546243D2C70FD
:103250000546283D2C7005462C3D2C700546303D1A
:103260002C700546343D2C700546383D2C700546C3
:103270003C3D2C700546403D2C700546443D2C706D
:103280000546483D2C7005464C3D2C700546503D8A
:103290002C700546543D2C700546583D2C70054653
:1032A0005C3D2C700546603D2C700546643D2C70DD
:1032B0000546683D2C7005466C3D2C700546703DFA
:1032C0002C700546743D2C700546783D2C700546E3
:1032D0007C3D2C70203B8030002B9ED10D467F32F0
:1032E00080201470111F0C70114608390C701146A3
:1032F0000C390C70114610390C70114614390C70D1
:10330000114618390C7011461C390C7011462039C1
:103310000C70114624390C70114628390C70114676
:103320002C390C70114630390C70114634390C7040
:10333000114638390C7011463C390C701146403931
:103340000C70114644390C70114648390C70114606
:103350004C390C70114650390C70114654390C70B0
:10336000114658390C7011465C390C7011466039A1
:103370000C70114664390C70114668390C70114696
:103380006C390C70114670390C70114674390C7020
:10339000114678390C7011467C390C702038803217
:1033A00000289ED100F0A4FC2946019730780246FF
:1033B000203AD2B25E2A00D9E6E0C9004A1ED2B253
:1033C000D3088A1ED2B2D708CA1ED2B2D2081A9225
:1033D0000A1FD2B2D20817924A1FD2B2D20816924E
:1033E0008A1FD2B2D2081592CA1FD2B2D208149242
:1033F0000839C9B2C9081391002102910D461C93E6
:103400001B9704962038C0B20621414362484018F9
:103410001890029C03952A4619921898075D012579
:1034200039462940D0B28000924A1018139BC25CE2
:10343000FE26129632405118C1540222119239468A
:103440001140149BC25CFD26109632405118C154A5
:1034500004220F9239461140159BC25CFB260E9642
:1034600032405118C15408220D9239461140169B22
:10347000C25CF7260C9632405118C15410220B92B0
:1034800039461140179A835CEF260A963340591843
:10349000815420220992394611401A9A865CDF2213
:1034A0000892164071181A9A815440223E461640DE
:1034B0001B99415CBF230793194089191B9E8155B5
:1034C000802106910F401C99415C7F230593194090
:1034D000C9191C9E81551898001940780146294049
:1034E000199E3543EDB2AD00624E7519139FEE5D26
:1034F000129B1E407118E955119F0740149BE95C0F
:10350000109E3140C919E9540F9F0740159BE95C93
:103510000E9E3140C919E9540D9B0340169EA95DCA
:103520000C9F3940C918A9550B9B0340179EA95DF4
:103530000A9F3940C918A955099B03401A9FE95DA4
:10354000089E3140C9181C9BE95502401B9FE95D4C
:10355000079E31408918199AE95506990840E95C97
:10356000059E31400818E854A41C921C062C00D07B
:1035700052E70498461C039DAD1D40780246203A50
:10358000D2B25F2A00D23CE70198002801D000F0B7
:10359000AFFB1DB0F0BDC0460E87000070B5C8255A
:1035A000284602F073FAAE200024214601F05AFBAF
:1035B0002046214601F056FB1020214601F052FB27
:1035C0002046214601F04EFBB020214601F04AFB87
:1035D0008120214601F046FBFF20214601F042FBFD
:1035E000A120214601F03EFBA620214601F03AFB36
:1035F000A820214601F036FB1F263046214601F067
:1036000031FB2846214601F02DFBD320214601F055
:1036100029FB2046214601F025FBD520214601F05B
:1036200021FB80252846214601F01CFBD92021469C
:1036300001F018FB3046214601F014FBDA20214648
:1036400001F010FB2046214601F00CFBDB20214657
:1036500001F008FB4020214601F004FB8D202146AB
:1036600001F000FB1420214601F0FCFA014E304627
:103670007C3001E0950120200470011F0C70014690
:1036800008390C7001460C390C70014610390C7069
:10369000014614390C70014618390C7001461C396A
:1036A0000C70014620390C70014624390C7001461B
:1036B00028390C7001462C390C70014630390C70D9
:1036C000014634390C70014638390C7001463C39DA
:1036D0000C70014640390C70014644390C700146AB
:1036E00048390C7001464C390C70014650390C7049
:1036F000014654390C70014658390C7001465C394A
:103700000C70014660390C70014664390C7001463A
:1037100068390C7001466C390C70014670390C70B8
:10372000014674390C70014678390C7001467C39B9
:103730000C70203D8030002D9ED130467D308021A0
:103740000470021F14700246083A147002460C3AC4
:1037500014700246103A14700246143A147002466D
:10376000183A147002461C3A14700246203A14703B
:103770000246243A14700246283A147002462C3A43
:1037800014700246303A14700246343A14700246FD
:10379000383A147002463C3A14700246403A1470AB
:1037A0000246443A14700246483A147002464C3AB3
:1037B00014700246503A14700246543A147002468D
:1037C000583A147002465C3A14700246603A14701B
:1037D0000246643A14700246683A147002466C3A23
:1037E00014700246703A14700246743A147002461D
:1037F000783A147002467C3A1470203980300029DF
:103800009ED130467E3080210470021F1470024623
:10381000083A147002460C3A14700246103A1470BA
:103820000246143A14700246183A147002461C3AC2
:1038300014700246203A14700246243A147002466C
:10384000283A147002462C3A14700246303A14702A
:103850000246343A14700246383A147002463C3A32
:1038600014700246403A14700246443A14700246FC
:10387000483A147002464C3A14700246503A14709A
:103880000246543A14700246583A147002465C3AA2
:1038900014700246603A14700246643A147002468C
:1038A000683A147002466C3A14700246703A14700A
:1038B0000246743A14700246783A147002467C3A12
:1038C00014702039803000299ED130467F3080210D
:1038D0000470021F14700246083A147002460C3A33
:1038E00014700246103A14700246143A14700246DC
:1038F000183A147002461C3A14700246203A1470AA
:103900000246243A14700246283A147002462C3AB1
:1039100014700246303A14700246343A147002466B
:10392000383A147002463C3A14700246403A147019
:103930000246443A14700246483A147002464C3A21
:1039400014700246503A14700246543A14700246FB
:10395000583A147002465C3A14700246603A147089
:103960000246643A14700246683A147002466C3A91
:1039700014700246703A14700246743A147002468B
:10398000783A147002467C3A14702039803000294D
:103990009ED100F0ADF9AF200024214601F062F97C
:1039A00030467C3080210470021F14700246083AB1
:1039B000147002460C3A14700246103A1470024613
:1039C000143A14700246183A147002461C3A1470E5
:1039D0000246203A14700246243A14700246283AED
:1039E000147002462C3A14700246303A14700246A3
:1039F000343A14700246383A147002463C3A147055
:103A00000246403A14700246443A14700246483A5C
:103A1000147002464C3A14700246503A1470024632
:103A2000543A14700246583A147002465C3A1470C4
:103A30000246603A14700246643A14700246683ACC
:103A4000147002466C3A14700246703A14700246C2
:103A5000743A14700246783A147002467C3A147034
:103A60002039803000299ED130467D30802104707D
:103A7000021F14700246083A147002460C3A147081
:103A80000246103A14700246143A14700246183A6C
:103A9000147002461C3A14700246203A1470024612
:103AA000243A14700246283A147002462C3A1470D4
:103AB0000246303A14700246343A14700246383ADC
:103AC000147002463C3A14700246403A14700246A2
:103AD000443A14700246483A147002464C3A147044
:103AE0000246503A14700246543A14700246583A4C
:103AF000147002465C3A14700246603A1470024632
:103B0000643A14700246683A147002466C3A1470B3
:103B10000246703A14700246743A14700246783ABB
:103B2000147002467C3A14702039803000299ED1EE
:103B300030467E3080210470021F14700246083A1D
:103B4000147002460C3A14700246103A1470024681
:103B5000143A14700246183A147002461C3A147053
:103B60000246203A14700246243A14700246283A5B
:103B7000147002462C3A14700246303A1470024611
:103B8000343A14700246383A147002463C3A1470C3
:103B90000246403A14700246443A14700246483ACB
:103BA000147002464C3A14700246503A14700246A1
:103BB000543A14700246583A147002465C3A147033
:103BC0000246603A14700246643A14700246683A3B
:103BD000147002466C3A14700246703A1470024631
:103BE000743A14700246783A147002467C3A1470A3
:103BF0002039803000299ED17F3680203470311FDB
:103C00000C70314608390C7031460C390C70314655
:103C100010390C70314614390C70314618390C705B
:103C200031461C390C70314620390C70314624392C
:103C30000C70314628390C7031462C390C703146E5
:103C400030390C70314634390C70314638390C70CB
:103C500031463C390C70314640390C70314644399C
:103C60000C70314648390C7031464C390C70314675
:103C700050390C70314654390C70314658390C703B
:103C800031465C390C70314660390C70314664390C
:103C90000C70314668390C7031466C390C70314605
:103CA00070390C70314674390C70314678390C70AB
:103CB00031467C390C702038803600289ED100F0C7
:103CC00017F800F015F805A001210A460B46FFF78A
:103CD000C7F9C82001F0DAFE70BDC0464F4C45441C
:103CE00020696E69742073756363657373210000C6
:103CF000F0B585B00120C103039180070490002135
:103D0000C54FB02002910843C0B20024214600F004
:103D1000A9FF2046214600F0A5FF1020214600F013
:103D2000A1FF049E30480660039D056004242046E0
:103D300001F08EFF2C480661204601F089FF2A48D9
:103D40000561204601F084FF782001F037FB26480A
:103D50000660204601F07CFF23480560204601F004
:103D600077FF21480561204601F072FF402001F0F5
:103D700025FB1D480660204601F06AFF1A480560D1
:103D80000646204601F064FF3561204601F060FFE1
:103D900080260197387801F011FB049812490860D9
:103DA0000424204601F054FF039D0F48056020467F
:103DB00001F04EFF0C480561204601F049FF761ED8
:103DC0003F1D002EE6D1049C074D2C61039828600E
:103DD000042001F03DFF2C60019F7F1C0299491CCB
:103DE00004298ED105B0F0BD90120A40F0B58CB018
:103DF0000B910590082B01D1062409E05907D8083A
:103E0000002900D0401C5C084443200600D1F8E0A3
:103E100011980390203AD1B22420009148437A4966
:103E20000918580802900020E2B20192059F04464A
:103E3000049308E007460999491C641CE0B2019A02
:103E4000904200D3DDE0082B0991089404D10621AB
:103E5000009A51436F4A0FE0182B00D1CFE0102B8E
:103E600007D00C2B00D0CCE00C21009A5143684ABB
:103E700002E000990901654A5118081800210691CD
:103E8000405601230A901840454245410398444258
:103E90004441654007200B9A114601401E468E4062
:103EA0000797F9B289005C4F7F18D1B2CA08B95C94
:103EB000002D01D1314300E0B143B95402210A9AE7
:103EC00011404E424E4166400B99491CCAB2014016
:103ED0001D468D40D208B95C002E01D1294300E077
:103EE000A943B95404210A9A11404E424E416640FA
:103EF0000B99891CCAB201401D468D40D208B95C9D
:103F0000002E01D1294300E0A943B95408210A9A9F
:103F100011404E424E4166400B99C91CCAB2014045
:103F20001D468D40D208B95C002E01D1294300E026
:103F3000A943B95410210A9A11404E424E4166409D
:103F40000B99091DCAB201401D468D40D208B95CCB
:103F5000002E01D1294300E0A943B95420210A9A37
:103F600011404E424E4166400B99491DCAB2014074
:103F70001D468D40D208B95C002E01D1294300E0D6
:103F8000A943B95440210A9A11404E424E4166401D
:103F90000B99891DCAB201401D468D40D208B95CFB
:103FA000002E01D1294300E0A943B9540A99002900
:103FB000194600DA06994C400B99C91D0840834008
:103FC000C8B2C008395C002C01D1194300E0994304
:103FD000049B089C39540798401C082B00D129E702
:103FE000C1B2059A891A029A914202D10B9A0832FB
:103FF0000B92029A9142059F00D01BE71BE70846EF
:104000003CE70CB0F0BDC0469A930000AA8D0000BA
:10401000368900000E87000095012020F0B58BB096
:1040200007AC07C4002B4DD01C46109841080690E1
:10403000082800D1891C059111980490A01E0290B7
:104040000025E24E039416E00121099803F0E6FBF7
:104050000A21FCF7BDFA0498009030220A43059823
:10406000454307982818C0B20899069BFFF7BEFE83
:10407000A7420A9D26D2681C0A90C7B2BC42E3D070
:10408000E84320180299491BC9B2032901D2012132
:1040900008E0FC2202400023012171431B1DDCB219
:1040A0009442FAD103221040039CCED0012801D1C2
:1040B0000A2005E0022802D07D20C00000E0642034
:1040C0004143C2E70BB0F0BDF0B597B00492421F78
:1040D000D2B292083F2A00D274E1142900D971E1CA
:1040E00003911D9A1C990F91C00001460839002ABE
:1040F0006BD000220F9C002C00D1D243CCB2E5083B
:10410000B14C2E197C3680243270351F2A7035460A
:10411000083D2A7035460C3D2A703546103D2A7000
:104120003546143D2A703546183D2A7035461C3DEB
:104130002A703546203D2A703546243D2A70354682
:10414000283D2A7035462C3D2A703546303D2A7070
:104150003546343D2A703546383D2A7035463C3D5B
:104160002A703546403D2A703546443D2A70354612
:10417000483D2A7035464C3D2A703546503D2A70E0
:104180003546543D2A703546583D2A7035465C3DCB
:104190002A703546603D2A703546643D2A703546A2
:1041A000683D2A7035466C3D2A703546703D2A7050
:1041B0003546743D2A703546783D2A7035467C3D3B
:1041C0002A70203C8036002C9ED11E9A0092002B33
:1041D00000D1F2E09A1E0192C9B2C9080E91411EA7
:1041E000C9B2C9080D91811EC9B2C9080C91C11E7E
:1041F000C9B2C9080B91011FC9B2C9080A91411F70
:10420000C9B2C9080991811FC9B2C9080891C01F64
:10421000C0B2C00807900024029305E0029B0598F5
:104220009842069C00D3C8E0601C0690C0B205907E
:10423000834201D1012120E0E04318180199091BB4
:10424000C9B2032901D2012109E0FC220240002663
:1042500001215E4F7943361DF5B29542FAD1032212
:1042600010400AD0012801D10A2005E0022802D01E
:104270007D20C00000E064204143049803F0CEFAA2
:104280000A21FCF7A5F903982418062044431022BC
:104290001292114311910025109006462B460BE017
:1042A0000D98215C194089182154761E149B5B1CC3
:1042B000169C641C002EB1D015960F994E424E41AB
:1042C000109A11984243424882181493D3563246AA
:1042D0005A400120139002401694E4B2A4003A48D8
:1042E00004190E98275CFE213940891821540227B1
:1042F000194639404A424A4172402A4600D13A465C
:104300000798215CFD270F40B9182154042719464E
:1043100039404A424A4172402A4600D13A460898FA
:10432000215CFB270F40B918215408271946394052
:104330004A424A4172402A4600D13A460998215CD5
:10434000F7270F40B91821541946129801404A42E4
:104350004A4172402A4600D1129A0A98215CEF27FE
:104360000F40B91821542027194639404A424A4182
:1043700072402A4600D13A460B98215CDF270F4055
:10438000B91821544027194639404A424A417240DF
:104390002A4600D13A460C98215CBF270F40B91835
:1043A0002154002B139800DA28467F2346402A46E2
:1043B000159E00D074E7DA4372E70098002801D018
:1043C000FFF796FC17B0F0BD9501202010270000E4
:1043D0000E870000F0B599B00692421FD2B2920843
:1043E0003F2A00D298E2142900D995E2049105935E
:1043F0001F9B1E991391C1000A46083A002B6BD0EF
:104400000020139B002B00D1C043D3B2DB08F84C33
:104410001B197C33802418701D1F28701D46083D11
:1044200028701D460C3D28701D46103D28701D4605
:10443000143D28701D46183D28701D461C3D2870EF
:104440001D46203D28701D46243D28701D46283DF0
:1044500028701D462C3D28701D46303D28701D4695
:10446000343D28701D46383D28701D463C3D28705F
:104470001D46403D28701D46443D28701D46483D60
:1044800028701D464C3D28701D46503D28701D4625
:10449000543D28701D46583D28701D465C3D2870CF
:1044A0001D46603D28701D46643D28701D46683DD0
:1044B00028701D466C3D28701D46703D28701D46B5
:1044C000743D28701D46783D28701D467C3D28703F
:1044D000203C8033002C9ED106200A90034604988D
:1044E0004343D2B2D00812904A1ED2B2D0081190E3
:1044F0008A1ED2B2D0081090CA1ED2B2D0080F9035
:104500000A1FD2B2D0080E904A1FD2B2D0080D9026
:104510008A1FD2B2D0080C90C91FC9B2C8080B902C
:104520000698002800D587E0002418940AE0119B23
:10453000E85C10404018E854641C179B5B1C062C78
:1045400000D104E1139846424641F54802573146EE
:1045500051400120169001401793DBB29B00EF48B9
:10456000C518129FEB5DFE2018404018E855022345
:1045700010461840414241417140189900D11946F6
:104580000B9FE85DFD2303405818E85504231046AF
:104590001840414241417140189900D119460C9F81
:1045A000E85DFB2303405818E855082310461840DF
:1045B000414241417140189900D119460D9FE85D73
:1045C000F72303405818E85510231046184041427D
:1045D00041417140189900D119460E9FE85DEF23C3
:1045E00003405818E85520231046184041424141E5
:1045F0007140189900D119460F9FE85DDF230340F1
:104600005818E85540231046184041424141714036
:10461000189900D11946109FE85DBF230340581830
:10462000E855002A169800DA18987F224640189913
:1046300000D07CE7D1437AE74E210AE01198215C53
:104640001940891821541899491C179B5B1C54293F
:104650007AD01398454245411891B14847562A46A9
:104660007A400120169002401793DBB29B00AB48C2
:10467000C4181298235CFE261E40B218225402234E
:104680003A461A405642564100226E40164600D124
:104690001E460B98235CFD211940891921540423DF
:1046A000394619404E424E416E40164600D11E46D4
:1046B0000C98215CFB230B4099192154082339469F
:1046C00019404E424E416E40164600D11E460D988E
:1046D000215CF7230B4099192154102339461940C6
:1046E0004E424E416E40164600D11E460E98215C49
:1046F000EF230B40991921542023394619404E428B
:104700004E416E40164600D11E460F98215CDF23B5
:104710000B40991921544023394619404E424E41CD
:104720006E40164600D11E461098215CBF230B40F8
:1047300099192154002F169800DA10467F2345401E
:1047400000D07BE7DA4379E706984042069020984C
:104750000190059A002A00D1D9E0901E0290012014
:104760000025704E0390074609E0089D6D1C079FC9
:104770007F1CF8B2059A82426A4E00D2C7E0F8B2B6
:10478000824203991FD0E84310180299491BC9B20D
:10479000032901D2012108E0FC220240002301216B
:1047A00071431B1DDCB29442FAD1032210400AD09F
:1047B000012801D10A2005E0022802D07D20C00096
:1047C00000E0642041430895069803F027F80A2189
:1047D000FBF7FEFE049807973B180A984343102204
:1047E0001492114309910024054622460EE0C0466A
:1047F0009501202011983B5C0B40991839546D1E8F
:10480000169A521C189B5B1C002DAED0179513995D
:104810004D424D410A990998414341484118169229
:1048200089562A464A400120159002401893DBB26F
:104830009B003A48C71812983B5CFE261E40B218EF
:104840003A5402220B4613405E425E416E402346BC
:1048500000D113460B983A5CFD261640F2183A54E4
:1048600004220B4613405E425E416E40234600D157
:1048700013460C983A5CFB261640F2183A5408226C
:104880000B4613405E425E416E40234600D1134604
:104890000D983A5CF7261640F2183A540A461498D6
:1048A0000240534253416B40224600D1149A0E9865
:1048B0003B5CEF261E40B2183A5420220B461340B0
:1048C0005E425E416E40234600D113460F983A5C2B
:1048D000DF261640F2183A5440220B4613405E423F
:1048E0005E416E40234600D1134610983A5CBF26C5
:1048F0001640F2183A540029159800DA20467F2114
:1049000045402246179D00D074E7CA4372E70198DC
:10491000002801D0FFF7ECF919B0F0BD9501202077
:104920000E87000010270000F0B583B00646177808
:1049300038462038C0B25E281CD8082B01D05D084C
:1049400000E0062508980190541C029501980090FB
:10495000F0B2FAB20D461F46FFF748FA3B46294629
:10496000029D7619601C27783A46203AD2B25F2A17
:104970000446EBD303B0F0BDF0B583B00D46411F44
:10498000C9B289083F291BD31E4614460290089FCE
:104990002846FBF7A5FD00960197FE210140152949
:1049A00007D8C0B21521081A81B2C90B40184110AE
:1049B00000E000210298C9B22A46234600F002F81E
:1049C00003B0F0BDF0B591B00C93431FDBB29B0870
:1049D0003F2B00D23FE1142900D93CE1169BC600D1
:1049E00030460838002B6BD000270C9B002B00D1E1
:1049F000FF43C3B2DB08994C1B197C3380241F7022
:104A00001D1F2F701D46083D2F701D460C3D2F7039
:104A10001D46103D2F701D46143D2F701D46183D3C
:104A20002F701D461C3D2F701D46203D2F701D46CA
:104A3000243D2F701D46283D2F701D462C3D2F70A4
:104A40001D46303D2F701D46343D2F701D46383DAC
:104A50002F701D463C3D2F701D46403D2F701D465A
:104A6000443D2F701D46483D2F701D464C3D2F7014
:104A70001D46503D2F701D46543D2F701D46583D1C
:104A80002F701D465C3D2F701D46603D2F701D46EA
:104A9000643D2F701D46683D2F701D466C3D2F7084
:104AA0001D46703D2F701D46743D2F701D46783D8C
:104AB0002F701D467C3D2F70203C8033002C9ED1F2
:104AC000179B01931478002C00D1BFE0142900D962
:104AD000BCE0C0B2C0080B90701EC0B2C0080A9003
:104AE000B01EC0B2C0080990F01EC0B2C008089045
:104AF000301FC0B2C0080790701FC0B2C008069037
:104B0000B01FC0B2C0080590F01FC0B2C00804902A
:104B100003920620034602914B43203CE1B24143FD
:104B20004F4840180D900025109509E00A9BFA5C4B
:104B30000A401018F8546D1C0F9B5B1C062D79D091
:104B40000C99484248410D99495702464A40012470
:104B50000E9422400F93DEB2B600404B9F190B9C7F
:104B60003E5DFE2333409A183A5502220B4613400D
:104B70005E425E414640109E00D11646049C3A5D5E
:104B8000FD2313409A193A5504220B4613405E4206
:104B90005E414640109E00D11646059C3A5DFB23BF
:104BA00013409A193A5508220B4613405E425E4163
:104BB0004640109E00D11646069C3A5DF7231340EE
:104BC0009A193A5510220B4613405E425E41464008
:104BD000109E00D11646079C3A5DEF2313409A19A8
:104BE0003A5520220B4613405E425E414640109EDD
:104BF00000D11646089C3A5DDF2313409A193A55B6
:104C000040220B4613405E425E414640109E00D15A
:104C10001646099C3A5DBF2313409A193A5500295C
:104C20000E9A00DA109A7F215040109800D07DE74C
:104C3000C8437BE7039A5478002C029906D0481C9D
:104C4000521CCBB2142B014600D261E70198002818
:104C500001D0FFF74DF811B0F0BDC04695012020FE
:104C60000E870000F0B583B0019102900120860705
:104C7000234D2E60C7032F600424204600F0E8FF78
:104C80002E61204600F0E4FF2F61204600F0E0FF97
:104C9000782000F093FB2E60204600F0D9FF2F60B3
:104CA000204600F0D5FF2F61204600F0D1FF01998A
:104CB000481E8141880100F081FB2E60204600F0F3
:104CC000C7FF2F60204600F0C3FF2F61204600F091
:104CD000BFFF029800F072FB2E60204600F0B8FF84
:104CE0002F60204600F0B4FF2F61204600F0B0FF97
:104CF0002E612F60204600F0ABFF2E6003B0F0BDA8
:104D000090120A40022817D80CD10C4800210163E8
:104D100081608161C16101624162016441648164B9
:104D2000C164704728214143044840180021816034
:104D30008161C161016241627047C0464C07202019
:104D4000F0B581B00C46274A9042014600DC11467E
:104D5000254A914200DB1146002803DC4B39C00B89
:104D6000014000E04B310EB2F01731464140091AC4
:104D700003250227002E2A4600DC3A461B48FDF791
:104D800025F8002E00DC2F460026184831463A460A
:104D9000FDF71CF813498C42204600DC08461249F6
:104DA000884200DB0846002C03DC4B38E10B08404E
:104DB00000E04B3005B2E81729464140091A0124AA
:104DC000012D224600DB32460848FCF7FFFF002D8C
:104DD00000DC3446054831462246FCF7F7FF01B0B7
:104DE000F0BDC046AEFCFFFF52030000000086404D
:104DF000F0B587B084484C4901604C4F02263E60B4
:104E00000524204600F024FF3D46103D2E6020463C
:104E100000F01EFF464800680690204600F018FF8C
:104E20003E60204600F014FF2E60204600F010FF88
:104E30003F4800680590204600F00AFF3E6020468B
:104E400000F006FF2E60204600F002FF384F386861
:104E50000490204600F0FCFE34480660204600F036
:104E6000F7FE2E60204600F0F3FE386803902046DF
:104E700000F0EEFE2D480660204600F0E9FE2E60B0
:104E8000204600F0E5FE38680290204600F0E0FE83
:104E900026480660204600F0DBFE2E60204600F02B
:104EA000D7FE3F68204600F0D3FE2048066020462B
:104EB00000F0CEFE2E60204600F0CAFE1C480068BE
:104EC0000190204600F0C4FE18480660204600F01D
:104ED000BFFE2E60204600F0BBFE15480568204648
:104EE00000F0B6FE114806600120059A02400699BE
:104EF000C907890F51188900049AD207920F89189F
:104F0000039A024051188900029AD207920F891819
:104F1000074079188900019AD207920F8918054035
:104F20006818C0B207B0F0BD81000400A0120A40AA
:104F300080130A40034800210170034801700348B0
:104F400001707047AC0720203904202094062020EF
:104F500070B52D4A002050629062842010660120B6
:104F600003022A490B608524146703030B60D46194
:104F7000274B08251D60946304240C60822414656B
:104F8000244C5465244C254DA5608125556425602D
:104F90001561234E2663666356675661E660214EAF
:104FA000A663E662156055601A46303A1E4C1460DE
:104FB0001A46403A1D4C14601D4A1A6082071D4B68
:104FC0001C6814431C60C2071B4B1C6A14431C6200
:104FD0001C6814431C600A46303A202313600B609F
:104FE000800616490A6802430A60052080020A69A1
:104FF00002430A611248016A124A114301620168C0
:105000001143016070BDC04604804240D0320A4066
:10501000D0120A40820004009480424081000100C6
:1050200081000C0081000E0002000200018000409F
:1050300003800240A0130A4028100A4090330A401F
:1050400028300A400020600009480A490A680240E6
:1050500082420BD00A680240824207D00A680240AE
:10506000824203D00A6802408242EFD17047C046B4
:10507000000B200004020B4070B51A4800240460A5
:105080000F200002184E316881430125680208187C
:1050900030600320C143321F13680B4013607168F6
:1050A000A9437160290272688A4372600003642117
:1050B0002A46FCF715FD0D48FCF79CFC30681021D2
:1050C000014320208143316028033168014331606E
:1050D0002046FCF739FDFF20000205490A6882439B
:1050E0000A6070BD08030B4004010B4004AD0000D2
:1050F00000E400E00548042101604F2141600021E7
:105100008160016805220A430260704710E000E0F8
:1051100010B50D4C0D492046FCF760FE0C492046A9
:10512000FCF7C4FD0B48016802220A430260FF201D
:1051300000061B490A688243032080071018086094
:1051400005480121016010BD002086402CAD000003
:1051500030AD0000283086400831864010B50C4C38
:105160000C492046FCF73AFE0B492046FCF79EFD11
:105170000A480168012211430160FF20000208492A
:105180000B688343D003181808600648026010BDFE
:105190000080864044AD000048AD00002890864065
:1051A00010E400E00891864010B5194C19492046DA
:1051B000FCF746FE18492046FCF71EFE0320C103FB
:1051C000164802688A4302600169154A0A4015328E
:1051D000026141692D220A4312218A4342614268D9
:1051E00001210A4043688B439A1842608A020D4BA2
:1051F0001C6814431C60FF2212060B4B1C6894436E
:105200008A07A2181A6002680A43026010BDC046ED
:10521000008010405CAD00005EAD000000911040C9
:105220000000FFFF289010400CE400E080B500F083
:1052300021F8FFF78DFEFFF71FFF00F045F8FFF79D
:1052400067FFFFF78BFFFFF7AFFFFFF753FFFFF796
:10525000FBFEB820044900220A5404490A549C2049
:1052600003490A5480BDC04654042020D80520209C
:105270001005202070B50C480C4941600C4A516063
:105280000C4B59600C4C61600C4D69600C4E7160A8
:105290000C490160116019602160296031601020A3
:1052A000FCF7A3FB70BDC04600080A40030000B134
:1052B00000280A4000088640002886400088864072
:1052C0000088104001000026F0B583B02E4C2F4915
:1052D0002046FCF783FD2E492046FCF75DFC0025A7
:1052E0000095204629462A462B46FCF763FD2046BA
:1052F00029462A46FCF750FD7D20C600204631464F
:105300002A46FCF763FD01270097204629462A46D6
:105310002B46FCF74FFD204629463A460297FCF7FC
:105320003BFD2046314634463A46FCF74FFD022607
:105330000096154F384629462A462B46FCF73AFD7B
:10534000384629463246FCF727FD38462146324684
:10535000FCF73CFD03260096384629462A462B4694
:10536000FCF728FD384629463246FCF715FD38463D
:1053700021463246FCF72AFD0648029981600F213A
:10538000016003B0F0BDC0460000864068AD00007B
:105390006CAD000000118640B0B5FCF74FFE04462E
:1053A000054D03CD611A083D814203D3A968E86821
:1053B00088476C60B0BDC04644002020F0B583B083
:1053C000029040B23F4E374610370028384600DA88
:1053D00030460124A107019101600425284600F010
:1053E00037FCE4033460284600F032FC3461029854
:1053F0004006384600D5304601990160284600F045
:1054000027FC3460284600F023FC346102988006B3
:10541000384600D5304601990160284600F018FC56
:105420003460284600F014FC34610298C006384607
:1054300000D5304601990160284600F009FC34602F
:10544000284600F005FC346102980007384600D574
:10545000304601990160284600F0FAFB3460284686
:1054600000F0F6FB346102984007384600D530461C
:1054700001990160284600F0EBFB3460284600F0FB
:10548000E7FB346102988007384600D53046019921
:105490000160284600F0DCFB3460284600F0D8FBB1
:1054A00034610298C00700D037460198386028461A
:1054B00000F0CEFB3460284600F0CAFB346103B034
:1054C000F0BDC04690120A40F0B585B078487949E1
:1054D000794C224601F09EF8784801780122012992
:1054E000049202D17648056801E0027025682068C0
:1054F000744902F053FF06467349284602F04EFFF6
:10550000314602F0B1FE06466D480660D448007888
:10551000002800D1A2E06E49304602F00EFB07469B
:105520006C49304602F0A0FE0446002F00D13446FC
:105530006949204602F019FB0546684F2046394666
:1055400002F092FE0146002D00D121465F4800681E
:1055500002F07CFF04465E4902F0EFFA0646204660
:105560005C4902F081FE0546002E00D12546284602
:10557000594902F0FAFA06462846394602F074FE06
:105580000446002E00D12C46674801680391046050
:105590000498C107204604918843514902F0E5FA76
:1055A00006466B480068214602F05EFE0546002E66
:1055B00000D135465D4806682846314602F0BDFAFE
:1055C0000028374600D12F460498464038463146D9
:1055D00002F0CBFA002800D13E465D4806604E48F6
:1055E0000068314602F0DAFE05464D480068214663
:1055F00002F0D4FE294602F037FE06462046039903
:1056000002F024FF01464D48006802F0C7FE314613
:1056100002F02AFE0646474804683046214602F05A
:105620008CFA0028254600D1354604984440284687
:10563000214602F09AFA002800D12C462948006839
:10564000214602F011FEFBF7CFFE404202B20021DC
:10565000E348405EFDF79EF905B0F0BD0025282720
:1056600013481449224600F0D5FF26680A2000F0AE
:105670000DFA2846314602F0F7FD05467F1EEFD1B0
:105680002B492846FBF700FE10490860049C74482B
:1056900004700868FBF7A8FE024600200094019001
:1056A000029403200B210423FEF794FE05B0F0BD05
:1056B0009C072020A0072020BC072020CE0520200A
:1056C000D0052020CDCC4C3ECDCC4C3FB407202083
:1056D000000034430000B4C3000034C30000B443EE
:1056E00000002041040020200B480C4901600C48B8
:1056F0000C4901601648002101600B4801600B480D
:105700000B4A02600B480C4A0260554801700120A8
:1057100080070A4908607047C80720208FC2F53CFF
:10572000C40720200000C040D4072020D807202034
:1057300000002042DC07202000009643CC072020F8
:1057400080B50348002101600220FFF7DBFA80BD2D
:10575000D007202007480168C9B2022904D00129D6
:1057600007D10121054A00E0034A13685B1C13605E
:10577000816270472030864034072020B007202007
:1057800010B50D4C2068C0B2012814D1FCF75CFCA8
:10579000FCF7CCFBFDF7BEF908480178491C017005
:1057A000C9B20A2905D3002101700120400404492F
:1057B00008600120A06210BD20908640D405202002
:1057C000B0120A4001204104204A1160204A1160B1
:1057D00002490A6802430A607047C046049886403E
:1057E0000F480068C0B20B2818D10E4800680E4957
:1057F0000A88C62A07D80A88531C0B800C4B985479
:105800000988591802E000220A80084900220A701B
:10581000C0B2232802D10548012101707047C0465B
:1058200020901040249110409201202090012020CF
:10583000C80020200120C104044A1160044A1160FC
:1058400004490A6802430A607047C04680E200E0EB
:1058500000E100E0043886400148002101707047F3
:10586000C007202070470808F0B587B00590514860
:105870000390514802905148019051480090514C7A
:10588000514E524F524D204631463A462B4600F07B
:10589000E3F821783078049001433A7811432B786B
:1058A0001943474805782943444807783943424813
:1058B00004782143CEB27142714101200690002E3E
:1058C00004D13C480678002E069E0FD0E4B2FFB209
:1058D000EDB2DBB2D2B20498C0B266426641104368
:1058E0003D431D430543280600D00E46394D287818
:1058F000002801D000202EE0374C2078C0B2414271
:1059000041413140354F3878012915D1401C38705C
:1059100000210123009301910291C2B202201121C2
:10592000FEF758FD3878032803D0042804D1FA2163
:1059300000E07D212A4A11600599814207DC069822
:105940002870FCF77BFB2749086000203870267020
:10595000297801204840C007234E069800D13078AE
:10596000C007224F0FD1FCF769FB1E490968401A96
:10597000B84208D90020287018490698087030707D
:105980001B4901F071FE2878012811D130780028D8
:105990000ED0FCF753FB13490968401AB84207D9E7
:1059A000002434702C700120FDF7D6F80C480460F8
:1059B00007B0F0BD37042020360420203504202015
:1059C0003404202030042020310420203204202000
:1059D000330420203904202094062020380420207D
:1059E000080020202C042020AC07202057020000B3
:1059F0000000344380B582B0FFF718FCFCF7FAFBD7
:105A0000FDF7CCFD7D20800000F040F8FCF786FA21
:105A1000FDF766F9FCF7FAFBFFF70CFFFFF7D2FE84
:105A2000FCF750FCFCF716FAFDF782F90122009210
:105A3000022005A11346FEF79FFF064800F026F856
:105A4000FFF752FE02B080BD776169742073746104
:105A5000626C650050460000B0B50B4C25780570AF
:105A600060780870A0781070E07818702079049938
:105A70000870607905990870A07906990870E07936
:105A800007990870B0BDC046C0002020F0B50028BE
:105A900048D0032404406D497E4A034640D015682F
:105AA000002303E0761BF3188B4214D22E461568B0
:105AB000B54208D11568B54205D11568B54202D185
:105AC0001568B542F3D0AE42ECD8761B171F3F687D
:105AD000F619761CE7E7012C03D1431E042844D2B3
:105AE00020E01568002303E0761BF3188B4214D2E4
:105AF0002E461568B54208D11568B54205D115681E
:105B0000B54202D11568B542F3D0AE42ECD8761B4F
:105B1000171F3F68F619761CE7E7022C03D1831E96
:105B2000042822D2F0BD1468002303E02D1BEB18DB
:105B30008B4214D225461468AC4208D11468AC429A
:105B400005D11468AC4202D11468AC42F3D0A5422E
:105B5000ECD82D1B161F3668AD196D1CE7E7C31E68
:105B6000042802D2DEE71B1FDCD01468002007E007
:105B70002D1B161F3668AD196D1C2818884210D2CF
:105B800025461468AC4208D11468AC4205D11468AB
:105B9000AC4202D11468AC42F3D0A542E8D92D1B27
:105BA000EBE71468002003E02D1B2818884214D26C
:105BB00025461468AC4208D11468AC4205D114687B
:105BC000AC4202D11468AC42F3D0A542ECD82D1BF4
:105BD000161F3668AD196D1CE7E71468002003E056
:105BE0002D1B2818884214D225461468AC4208D1CF
:105BF0001468AC4205D11468AC4202D11468AC42BE
:105C0000F3D0A542ECD82D1B161F3668AD196D1CBC
:105C1000E7E71468002003E02D1B28188842A2D271
:105C200025461468AC4208D11468AC4205D114680A
:105C3000AC4202D11468AC42F3D0A542ECD82D1B83
:105C4000161F3668AD196D1CE7E7C04680380100A5
:105C5000B0B5502141430F480368002207E0E41A21
:105C6000051F2D686419641CA2188A4210D21C46B4
:105C70000368A34208D10368A34205D10368A34285
:105C800002D10368A342F3D09C42E8D9E41AEBE7BF
:105C9000B0BDC04618E000E0F0B58DB0044607AFD7
:105CA0000920F870E320B870CA20787002200290B2
:105CB0003870682004213A4601F08CFBA3217972E8
:105CC0003972F971402323405C20C043002B024607
:105CD00001D03D22D243FA70002B024601D0372278
:105CE000D243BA703F250593002B024600D0EA4309
:105CF00001957A70397001252E023146803121409C
:105D00000691014601D03921C943B971069900298C
:105D1000014601D03321C94379710699002901D088
:105D20003B20C04338717D480F300A213A4601F0CC
:105D300051FB0320272120400490039101D0202013
:105D400000E0C843387075481E3029463A4601F0D5
:105D500041FB9720C000A10605D4C7210C917249D0
:105D60000B91724904E05D210C916D490B916D49D5
:105D70000A9109210AAA01F02DFB0698002821D0DA
:105D8000264001D0642000E06F20C04307AAD070F5
:105D9000002E01D0492000E04B20C0439070002E1F
:105DA00001D0742000E07F20C0435070002E01D04D
:105DB0004D2000E04F20C043107058480A300421A5
:105DC00001F008FB8B200001E10704D107AAD821CC
:105DD0001170012149E007AAF82111700125294617
:105DE00001F0F8FA0720FA2100F02AFA0AAA01982D
:105DF00010702920C7003846294601F0EBFA0AAA9C
:105E000000261670F81D294601F0E4FA0AAA1420AB
:105E10005070167038469630029D294601F0DAFA25
:105E20000AAA64205070167038469230294601F054
:105E3000D1FA0AAA9020D070F92090708E2050706C
:105E4000167038461430042101F0C4FA0AAA08205A
:105E50005070167038461230294601F0BBFA0AAA73
:105E60005570167010373846294601F0B3FA059D73
:105E7000A007039800D52620C04307AA10702C481D
:105E8000012101F0A7FA600704D42A480A900421EE
:105E90000AAA09E00AAAC620D070C4209070C220C5
:105EA0005070C020107004211C4801F093FA00F0DB
:105EB000C9FFE00606D420480A901848801D042136
:105EC0000AAA0BE00AAA3820D0703020907028204F
:105ED0005070202010701148801D042101F07AFAC2
:105EE00000F0B0FF0820204381490880002D00D039
:105EF00006250698002800D0AD1D1420044201D0CC
:105F0000102005430498002800D02D1D00F09AFFB2
:105F10007648057000200DB0F0BDC046980A00001C
:105F2000B4980D35B8AAB38DB088C3C5B8AAAAAACB
:105F30003D0700008B8B8B8BA3A3A3A380B501200F
:105F4000820203480349C82300F0A2FD80BDC04679
:105F5000F60B00000EA10000F0B591B00893079277
:105F60000C460646169F00253D806048007809A92A
:105F7000179A00F015FF0146E843002901D011B03F
:105F8000F0BD04A9D0C15A490E880124230214216E
:105F90000E4249D001930296099903940A0609A971
:105FA0004B781B049C18CA788B781B029A1812191C
:105FB000079F3A600A9A12064B791B049A18CB790C
:105FC0008E793602F3189B187B600B9B1B064E7A6A
:105FD0003604F618CB7A8D7A2D02EB189B19BB602C
:105FE0000C9B1B064D7B2D04EB18CD7B897B090296
:105FF0004919C918F9601114494322145243511820
:106000003214524389181A1452438918F122120685
:106010008918039A520691425FD806990888019B15
:10602000184308801025029E700602D42846069C5C
:1060300018E009A841194A78405D00028018049CC4
:106040002080C8788A78120210186080487909790F
:1060500009020818A080069C20880821014321809D
:106060000620284380331E42059D15D009A90A1831
:106070005378095C0902C9182980D17893781B02EA
:10608000591869805179127912025118A980218812
:1060900070220A432280801DB10718D009A90D186B
:1060A000EC786878C1070AD012490A68002A06D03D
:1060B00007202040411CA006400F90476878000749
:1060C00005D50D480168002901D0A0098847089826
:1060D00000F04CFA002011B0F0BD054600F0B2FE11
:1060E00028460021069A118011B0F0BD52042020EC
:1060F0004C0420204004202044042020F0B585B02A
:106100001349049113490391134902910026F44362
:10611000C82819D86D462E700746C1B2C82001F0B4
:106120007DFB401E68700D4802212A4601F052F99D
:10613000002809D10A480C2102AA01F04BF90028D5
:1061400002D1084807803446204605B0F0BDC0465D
:10615000BBAFDFDFAAF1DFDFFEF2ABC41602000047
:10616000C10A000050042020F0B583B0044603218A
:1061700008402D4B1D5C02AA15702C4D285C01AE09
:1061800030702006800F1F5C9770E706BF0FDB5D45
:106190005370285CB070E85D7070254E304601F099
:1061A00019F90027FD43002829D1301D032101AA38
:1061B00001F010F9002822D11E4801901E480290DB
:1061C00060071FD4A00625D4E00505D501A86721E6
:1061D000817002A87721817030461A30032102AA0B
:1061E00001F0F8F800280AD10B36032101AA304645
:1061F00001F0F0F8002802D1104804803D462846FE
:1062000003B0F0BD01A82721017002A83721017059
:10621000A006D9D501A84721417002A85721417095
:10622000E005D3D4D8E7C0460B87000008870000FC
:1062300026040000264666003656760048042020D4
:10624000F0B585B00E4605460021CC4319208001EB
:1062500086426FD8072028406CD0019103AF3846A2
:1062600000F030FB3046FBF711F93D49FBF70CF825
:1062700039788A1E0121CA41072A5BD88D21CE05B3
:106280003849C0467A441279520097440E035307A6
:106290005353530B23214E06354906E08B21CE057F
:1062A000324902E045210E062F490294074602F0CA
:1062B00075F8FBF799F8044631462E4604ADE870B0
:1062C000384602F06BF8FBF78FF86870210AA97066
:1062D000000A2870AF1CF00706D1B00718D4700769
:1062E000029C2AD4019C25E03C4649208700384680
:1062F000B030022104AA01F06DF8002819D1022162
:1063000038462746224601F065F8002811D1E4E717
:10631000492084002046B430022104AA01F05AF832
:10632000002806D1201D02213A4601F053F800282A
:10633000D5D0029C204605B0F0BD492085002846F6
:10634000B830022104AA01F045F80028F2D108353E
:10635000022128463A4601F03DF80028EAD1C1E77B
:1063600000004843000040460000C0440000404593
:106370000000C04507490A68D20708D00A68D2075A
:1063800005D00A68D20702D00A68D207F3D1C2B298
:106390008A6170470891104010B50022815600298B
:1063A00013460CDD03214456002C114617DD06244C
:1063B0000457002C1BDD19431143084610BD00296A
:1063C0001FD40123C1560029ECDC00292DD402235F
:1063D000C1560029E6DC002935D00623E2E7002C6F
:1063E00011D40421415600290FDD0821DFE70122E5
:1063F0001202002CDFD407240457002C0DDD4022AC
:10640000D9E70423CEE72021D1E700290FD40521C5
:10641000415600290FDD1021C9E7002C09D40824BA
:10642000005700280BDD8022C5E70523BAE72821A5
:10643000BDE74032BFE7002907D03021B7E7002889
:1064400005D0802004E00723ACE73821AFE7C02067
:106450001218B0E784B0FFF7CDFA7D208000FFF777
:1064600015FB32A001F0BCF9012003900FE00120E0
:10647000FCF772FB3A480770FA203060FEF75AFDCD
:10648000FFF75EF9FFF7E8F9C820FFF7FFFA01F020
:1064900069F80446039E00960196002701252846C8
:1064A000394624A22B46FEF78DFA0096019602206B
:1064B000394622A22B46FEF785FA00960196274E12
:1064C0000320394622A22B46FEF77CFA012CFDD18F
:1064D000FEF762FF3068002801D0FEF7F5FFFBF7FA
:1064E0009DFE012802D106201D490870FBF79EFE83
:1064F0000128BCD0FBF7A2FD1A490968401AC92837
:10650000E4D319480068FAF76FFF02460095019737
:106510000297042128460B46FDF75CFFFDF7E8FBD8
:10652000FBF78CFD0F490860D0E7C04624302C30C3
:106530002C3123007961773A00000000626C6163BE
:106540006B5F6C696E655F636F756E743A00000017
:106550007461726765745F7961773A000800202082
:106560003804202098062020BC0720207047080807
:10657000F0B585B004462420DC4E305C002802D003
:10658000002005B0F0BDB17A0020C74300293ED0FD
:10659000FE2214402140357C3174A14200D0C0431A
:1065A000002C14D1317D002911D1044604AB002008
:1065B000187005CEC17B10780122083EFCF77CF8EC
:1065C000002801D104987074204605B0F0BD717C9C
:1065D000002912D103AB01221A7031680195756848
:1065E000C97B2D7802902846019DFCF765F801468D
:1065F0000298002901D103997174002CE5D004465A
:1066000000F020FC014620460029DED035743846D3
:1066100005B0F0BDF0B597B015460E46044610A87B
:10662000019011A8009014A812A90CAA16ABFFF7AC
:1066300093FC002802D0012017B0F0BD11A80088FB
:10664000C00502D4022017B0F0BD0C98FAF716FF6F
:1066500061210895CD05294601F0A0FE0A900D980C
:10666000FAF70CFF294601F099FE074605900E98AF
:10667000FAF704FF294601F091FE09900F98FAF706
:10668000FDFE294601F08AFE05460B900320810796
:10669000384601F083FE0494044606900A980146A9
:1066A00001F0E2FD0390099F394601F077FE07965D
:1066B00006462046294601F071FE314601F0D4FD20
:1066C000FAF7B8FD01F064FA424A434BFAF78EFC40
:1066D000FAF77EF804990860384639463D4601F0DD
:1066E000C3FD06460398059F394601F057FE044650
:1066F00030460B9901F052FE214601F0B5FDFAF744
:1067000099FD044604913046294601F047FE0646AD
:106710000698394601F042FE314601F097FE7F218E
:10672000C90501F0A1FDFAF785FD02460B4620469A
:10673000049901F075FC274A274BFAF757FCFAF742
:1067400047F8079908600A9D28460B9901F026FE34
:1067500004463E463846099F394601F01FFE214651
:1067600001F082FD014601F07FFDFAF763FD04466A
:1067700007913046314601F011FE0646284629466B
:1067800001F00CFE314601F06FFD064638463946F1
:1067900001F004FE0146304601F058FE06460B9813
:1067A000014601F0FBFD0146304601F04FFEFAF7CD
:1067B00041FD02460B462046079901F031FC054A8F
:1067C000054BFAF713FCFAF703F808990860002064
:1067D00017B0F0BD6666666666A64C40F0B583B03D
:1067E00000F08AF8000602D0002003B0F0BD782443
:1067F000204600F085FD002802D0012003B0F0BD46
:106800002420ED4D285C002807D0642000F00CFD0A
:10681000002826D0032003B0F0BDAE7A0220002E5F
:10682000E3D0074626402C7C2E74687C002810D1CB
:1068300002AB01221A70286821466C68C07B019067
:1068400020780C460199FBF737FF002801D1029808
:10685000687400F0F7FA002814D02C74384603B09E
:10686000F0BDFFF76BFB000602D0042003B0F0BDC3
:106870001348FFF791FDFFF777FC000606D00520CF
:1068800003B0F0BD782E3846AFD1BEE7FF2074309C
:10689000FFF702FA000602D0062003B0F0BD642024
:1068A000FFF72CFC000602D0072003B0F0BD01204A
:1068B00000F01AFC002897D0092003B0F0BDC046B4
:1068C0000C00202010B501460020BB4B5A7A032A49
:1068D0000AD8D200064CD4400C70DB7C002B02D0CE
:1068E000044BD3400B7010BDC04310BD18002020D6
:1068F0000204081004081020F0B585B002AB802017
:1069000018704E4F05CF817C10780122083FFBF7AD
:10691000D3FE0026F443002818D16420FFF7B6F810
:1069200002AB1E7005CF817C107801252A46083FF6
:10693000FBF7C2FE002809D105CF817D1078062221
:1069400002AB083FFBF794FD002802D0204605B0BB
:10695000F0BD02A8417829404279D207520FC07891
:10696000C007800F8018411846D0012902D00229A3
:106970005AD13146FF20B87438743A48F881F97416
:106980003D73BC6028047E61BE61FE61386238469A
:10699000233046708670C670067104AB18201870DC
:1069A00005CF817910782A46083FFBF785FE00283D
:1069B000CCD104A80078C0083872022000F0E8FAB0
:1069C0000028C3D12A2000F0F5FB0028BED13220D8
:1069D00000F02AFC0028B9D10020FFF7C9FD0028EB
:1069E000B4D10025284600F007FB0028AED1284688
:1069F00000F086FC2C46A9E705CFC178107801226B
:106A000002AB0192083FFBF733FD00289ED102A89C
:106A100001780F20084004280AD000283146A9D167
:106A20000F4800F00DFD91E70FA0F9F7D1FB8DE7BE
:106A300003A000F005FD01999CE7C0461800202046
:106A400048616C662073656E7369746976697479E0
:106A5000207061727420666F756E642E00000000F5
:106A6000D8AD0000FFFF0000556E737570706F7237
:106A700074656420736F6674776172652070726FDD
:106A800064756374207265762025642E0A00000008
:106A9000F0B58FB005460026F043079100297AD063
:106AA0002524E749095D002975D1009403900292DD
:106AB0000193002D5FD00495A81B83B2102BE04AF0
:106AC00000D31023907A002867D00EA84670370AAA
:106AD0000770F0B2181884B2506841898C425CD8B3
:106AE00000781168097E022209930EABFBF7E4FDE2
:106AF000099BD34D002850D130463E46089080B2C5
:106B000007990F1805CD417D1078DAB206920597E6
:106B10003B46083DFBF7D0FD00283ED1A87A00286F
:106B20003BD0F0B20EA9089A4A7008706868418993
:106B30008C4232D800782968097E02220EABFBF71E
:106B4000BBFDBF49002828D105C9417D10780AAB9B
:106B5000069AFBF78DFC00281FD10AA90598099C0D
:106B60002246F9F78FFC002822D1089EA619B0B260
:106B7000049DA842A0D30EAB02985870000A18706A
:106B8000AF4C05CC817E10780222083CFBF794FDC7
:106B90000028039804D00FB0F0BD03980FB0F0BDEB
:106BA0000120009960540198E08400200FB0F0BDEE
:106BB0000398401E0FB0F0BD18002020F0B589B03A
:106BC0000025EC43282800D9E6E000280AD00194EB
:106BD0002327EE4CE15D012938D0A17C002918D093
:106BE000322217E02326E94DA85D002800D1C4E039
:106BF000A87C411E02468A41510003AA117022213D
:106C0000695C002900D1ACE0002800D1A5E07D201E
:106C1000A4E03022009004A802702220205C00280A
:106C200007D0002901D04D2000E04F20C04304A927
:106C3000087005CC017D1078012604AB3246083C73
:106C4000FBF73AFD0028009800D1E65502A9202262
:106C50000A70012831D102A8002141702646A07A8D
:106C6000002811D005A806210170F07A06280BD063
:106C700005CE81781078012205AB083EFBF71CFD9C
:106C8000002801D10598F072019C02AB5878800170
:106C9000C01D587005CE817C10780222083EFBF79B
:106CA0000BFD002878D10120307535730820B072B3
:106CB0002846FFF75DFC2C466EE00528264618D8CE
:106CC00002A801214170B07A0028019CDDD006A8FD
:106CD00006210170F07A0628D7D005CE8178107889
:106CE000012206AB083EFBF7E7FC0028CDD1069851
:106CF00031E01428019C17D802A802214170B07A13
:106D00000028C2D007A805210170F07A0528BCD060
:106D100005CE81781078012207AB083EFBF7CCFC4A
:106D20000028B2D1079816E002A803214170B07A7A
:106D30000028AAD008A804210170F07A0428A4D061
:106D400005CE81781078012208AB083EFBF7B4FC31
:106D500000289AD10898F07297E77F20C04303A9D2
:106D6000087005CD017D1078012203AB083DFBF7CB
:106D7000A3FC002801D10020A8550720000202AB87
:106D8000188005CD817C10780222083DFBF794FC29
:106D9000002801D100242C75204609B0F0BDC04662
:106DA000F0B585B005462420CE4E305C0024E74384
:106DB000002842D0B07A00283FD00291039205CE3D
:106DC000817A1078022204AB083EFBF751FB0028C1
:106DD00033D104A84178007800024218AA4203D2B5
:106DE00000210398017028E07068418849080192E9
:106DF0008A420DD900783168497C012204ABFBF747
:106E000037FB002819D104A80078C00612D4706896
:106E100000783168C97AEAB2029BFBF729FB0028A7
:106E20000BD10198294600F0F9FC411E039801702E
:106E3000274602E000F006F87F1E384605B0F0BD98
:106E40001800202070B582B00026F443F54DA87AD2
:106E500000281ED001AB1E7005CDC17B1078012229
:106E6000083DFBF729FC002813D105CD41791078A6
:106E7000012201AB083DFBF71FFC002809D105CD1D
:106E800001791078012201AB083DFBF715FC0028C1
:106E900002D0204602B070BD2420285C002813D008
:106EA00001AB0C20187005CD017910780122083D46
:106EB000FBF702FC0028ECD13220FEF7E7FDA87AB0
:106EC000C0073AD01F2039E001AB0420187005CD6F
:106ED000017910780122083DFBF7EEFB0028D8D19C
:106EE000A97A4020C907014600D06021AA7C002A67
:106EF00000D0014601AB197005CD0179107801224F
:106F0000083DFBF7D9FB0028C3D13220FEF7BEFDB8
:106F1000687C411E884101AB187005CDC17B10789B
:106F20000122083DFBF7C8FB0028B2D105CD41790D
:106F30001078083501222B4621E03F20C04301ABE9
:106F4000187005CD017910780122083DFBF7B4FBDC
:106F500000289ED1687C411E8841400001AB18701A
:106F600005CDC17B10780122083DFBF7A5FB002869
:106F70008FD101AB1E7005CD417910780122FBF74E
:106F80009BFB002885D1344683E7C04618002020AB
:106F9000F0B581B001460025E843D84EB27A002A08
:106FA00024D0891E0122D14107291FD8CAB28B23C0
:106FB000D340DA071AD00E4A525C6B461A700D4A5B
:106FC000515C727A8A4210D006CEC97914780122B7
:106FD00007462046083EFBF76FFB0146384600296E
:106FE00004D168460078C0087072284601B0F0BD30
:106FF000FEA0000006A10000F0B581B00446F44DEB
:10700000A87CA04202D1002001B0F0BD05CD0179DD
:10701000107801226B46083DFBF72AFA014600264C
:10702000F043002C1AD0002956D107466B46187839
:10703000DF210140197005CD017910780122083D4A
:10704000FBF73AFB00281ED10320FEF71FFD22208C
:10705000285C00282AD07D20C04328E000293BD1AD
:1070600007466B461878DF210140A87AC007800EDA
:107070000818187005CD017910780122083DFBF73A
:107080001BFB002802D0384601B0F0BD0320FEF7FC
:10709000FDFC2220285C411E02468A41D1016A463D
:1070A0001170002805D07F20C04302E0022069460D
:1070B00008702321695C002903D030210843694608
:1070C000087005CD017D107801226B46083DFBF765
:1070D000F3FA0028384601D001B0F0BDAC74304658
:1070E00001B0F0BD18002020F0B585B02427D34EA4
:1070F000F15D0024814259D0002835D02520305C34
:107100000025002851D0002902D1B07A00280CD0E7
:1071100002AB1D7005CEC17B10780122083EFBF743
:10712000CBFA002801D1029870742846FFF764FF5B
:10713000F08C00F079F801AB1D70706800782321A5
:1071400001252A46FBF7B8FAF55503AB0220187063
:1071500005CEC17B10782A46083EFBF7ADFA002821
:1071600020D1039870741DE0002902D1B07A002864
:107170000DD004AB0020187005CEC17B1078012221
:10718000083EFBF799FA002801D104987074307C0E
:1071900001AB18707068007823210122FBF78CFA8C
:1071A0000020F055FFF74EFE00E0EC43204605B00E
:1071B000F0BDC046F0B581B001460025E8439F4EC2
:1071C000B27A002A27D0BB2901D9012110E0612918
:1071D00001D902210CE0292901D9032108E0132952
:1071E00001D9042104E0092901D8062100E0052184
:1071F0006A461170F27A8A4211D006CE89781478E4
:1072000001226B4607462046083EFBF755FA014629
:107210003846002901D001B0F0BD0098F072284630
:1072200001B0F0BD18002020F0B583B005468349B9
:107230000026F443887A00285CD02420085C0028CB
:1072400058D1087D00280BD0681E80B2272804D8AA
:10725000E8B2FFF7B3FC34464CE00020FFF7AEFC89
:1072600000967D20C600B54200D33546042D00D8D7
:1072700004253046294600F0D1FA401E01AB1870B3
:107280006E4D05CD4178107801273A46083DFBF751
:1072900013FA00282ED101A80478611C304600F0B2
:1072A000BDFAE881A87A002823D0022C10D3052C3F
:1072B00001D202270CE00B2C01D2032708E0192C85
:1072C00001D2042704E0322C01D3062700E0052771
:1072D00002A80770E87AB8420BD005CD8178107803
:1072E000012202AB083DFBF7E7F9002801D1029823
:1072F000E872009C204603B0F0BDC0461800202074
:1073000070B582B004464042604161060122490FD7
:1073100001D0104600E080016B461870474D41CD0A
:10732000817C3078083DFBF7C7F900281CD110217B
:10733000214048424841220904219143A20600D439
:10734000891C0818210700D438306B46197818704A
:10735000BF200840287305CDC17C10780122083D6C
:10736000FBF7AAF9002804D00020A872C04302B09D
:1073700070BDF720044222D02326A85D00281ED02D
:10738000A87C411E02468A41510001AA11702221A7
:10739000695C002907D0002801D07D2000E07F2013
:1073A000C04301A9087005CD017D1078012201AB11
:1073B000083DFBF781F9002801D10020A8550026DF
:1073C0002E75AC723220FEF761FB304602B070BD04
:1073D00018002020F0B583B003460026F043002AB1
:1073E0001CD0164FBC7A002C18D002AC63701D0A5A
:1073F0002570DBB25C187B685D89AC420ED80091C9
:1074000001921D783968097E022202AB04462846A3
:10741000FBF752F901462046002901D003B0F0BD28
:1074200005CF417D1078009AD2B2019BFBF744F959
:107430000028F3D0F04303B0F0BDC0461800202070
:10744000F0B581B00446F9F74BF886B2F24A002E47
:1074500037D003231840042E009643D2002300287F
:10746000009E2ED0E55C1168C90708D01168C907D5
:1074700005D01168C90702D01168C907F3D1956119
:1074800001281ED0E3185C781168C90708D011687C
:10749000C90705D01168C90702D01168C907F3D11F
:1074A000946102280DD098781168C90708D0116836
:1074B000C90705D01168C90702D01168C907F3D1FF
:1074C00090611068C00708D01068C00705D0106828
:1074D000C00702D01068C007F3D10A209061701C69
:1074E00001B0F0BD351A002303E096611B1DAB42CD
:1074F000B5D0E65C1768FF0708D01768FF0705D00E
:107500001768FF0702D01768FF07F3D19661E618E6
:1075100077781168C90708D01168C90705D01168C4
:10752000C90702D01168C907F3D19761B77811680C
:10753000C90708D01168C90705D01168C90702D06A
:107540001168C907F3D19761F6781168C907CCD0E3
:107550001168C907C9D01168C907C6D01168C90721
:10756000F3D1C2E7F0B583B0FBF7E2FB012400944E
:107570000194002533A2204629462346FDF722FA2E
:107580000094019502940D21204622462346FCF7E3
:107590009BFD0094019502262EA2304629462346E3
:1075A000FDF710FA2D4F7A570094019502940521AA
:1075B00003233046FCF70EFFFCF79AFB26460EE04D
:1075C0003878401D38707A57009401950294022053
:1075D00005210323FCF7FEFE0A20FEF757FAFAF70F
:1075E0002DFE01280AD0032802D00228F4D117E08A
:1075F00078573328E4DBCE203870E1E7009401951A
:107600000294701CC1B206292E4600D80646F2B27A
:107610000D2120462346FCF757FDFCF769FBDBE70D
:1076200000945C2000210EA20823FDF77DF9FCF7F1
:107630005FFBAF208000FEF729FAFBF779FBF0B281
:1076400003B0F0BD53656C656374204D6F64653A9B
:1076500000000000626961733A000000B807202052
:107660004F4B212121000000F0B589B00E460446A1
:1076700001200790FBF770FA3220FEF707FA192075
:107680004001604302B24D4805680027384639463C
:10769000FBF780F92046F9F7F1FE04900596314694
:1076A00000F07CFE294600F0DFFD0546444900F06D
:1076B00044FA06464349284600F0D6FD0446002E0B
:1076C00000D12C4606974049204600F04EFA064667
:1076D0003E49204600F0C8FD0890002E00D10894D5
:1076E0003D4F3B483B493A46FEF794FF38680899BE
:1076F00000F0ACFE0646324900F01FFA054630465F
:10770000304900F0B1FD0446002D00D1344620463A
:107710002D4900F02AFA054620462C4900F0A4FD28
:10772000002D00D120460799C90788434121090649
:1077300000F01BFA002803D10320FEF7A7F9D0E7D9
:1077400001252846FBF708FA0498059900F026FE63
:107750001A4F396800F088FD04462048069E80577D
:10776000F9F78CFE0146204600F07EFD386038684F
:10777000134900F0EDF9002804D13868114900F0F0
:1077800073FD38603868104900F0CCF9002804D146
:1077900038680E4900F068FD38603868F9F724FE53
:1077A000024600950196029503200B210423FCF765
:1077B00011FEFDF7C5FF09B0F0BDC046B40720209B
:1077C000000034430000B4C3000034C30000B443DD
:1077D0009C072020A0072020BC072020B8072020DD
:1077E000002817D00178002914D00B4A04E09161D9
:1077F000581C597800290DD003461068C007F6D0F0
:107800001068C007F3D01068C007F0D01068C00738
:10781000F3D1ECE77047C0460891104043088B4213
:107820001AD3002203098B4279D3030A8B425ED319
:10783000030B8B4242D3030C8B4227D30902FF2256
:1078400012BA030C8B4202D31212090203D0030BAB
:107850008B4233D31AE0D3E0411A8041401C704779
:1078600003460B4371D443088B42F5D3002203092E
:107870008B4254D3030A8B4239D3030B8B421DD363
:10788000030C8B4202D394466EE0090AC30B8B4271
:1078900001D3CB03C01A5241830B8B4201D38B031C
:1078A000C01A5241430B8B4201D34B03C01A5241C1
:1078B000030B8B4201D30B03C01A5241C30A8B4204
:1078C00001D3CB02C01A5241830A8B4201D38B02EF
:1078D000C01A5241430A8B4201D34B02C01A524193
:1078E000030A8B4201D30B02C01A5241CDD2C30905
:1078F0008B4201D3CB01C01A524183098B4201D381
:107900008B01C01A524143098B4201D34B01C01A6B
:10791000524103098B4201D30B01C01A5241C308E3
:107920008B4201D3CB00C01A524183088B4201D352
:107930008B00C01A524143088B4201D34B00C01A3E
:107940005241411A524110007047CA0F00D04942BB
:10795000031000D34042534000229C4603098B424F
:107960002DD3030A8B4212D38901FC2212BA030AD7
:107970008B420CD3890192118B4208D38901921159
:107980008B4204D3890137D0921100E08909C309E1
:107990008B4201D3CB01C01A524183098B4201D3E0
:1079A0008B01C01A524143098B4201D34B01C01ACB
:1079B000524103098B4201D30B01C01A5241C30843
:1079C0008B4201D3CB00C01A524183088B4201D3B2
:1079D0008B00C01A5241D9D243088B4201D34B00CD
:1079E000C01A5241411A00D2014652411046634624
:1079F0005B1000D34042704763465B1000D34042A7
:107A000001B50021004201D0C9430846C046C04626
:107A100002BD08084900CA020243100000D0042039
:107A20004A0D01D001221043044A490D914201D16F
:107A300002210843012800D105207047FF070000FC
:107A4000F8B504464F1EC8000838211815461E46D2
:107A5000086849683A4606239A4310D02A463346B6
:107A6000F9F7C4FA3A46D200083AA3181A687F1EFA
:107A70005B68F9F767F806223B469343EED1022F85
:107A800023D0042F11D0062F2FD12A463346F9F7E1
:107A9000ADFAE36AA26AF9F755F82A463346F9F7D0
:107AA000A5FA636A226AF9F74DF82A463346F9F7D0
:107AB0009DFAE369A269F9F745F82A463346F9F7D2
:107AC00095FA63692269F9F73DF82A463346F9F7D2
:107AD0008DFAE368A268F9F735F82A463346F9F7D4
:107AE00085FA63682268F9F72DF8F8BD10B5012210
:107AF000F9F79CFD10BD10B5F9F724F810BD002270
:107B000010B5134610461146F9F74CF810BD080899
:107B1000034A10B500201107F9F788FD10BD0000D9
:107B200001FDFFFF10B500F0E5FBEFF300808000E2
:107B300001D5012010BD002010BD10B500F0DAFB0A
:107B4000EFF300804000800F012800D0002010BD1E
:107B500010B500F0F9FBEFF300804000800F012822
:107B600001D0012010BD002010BD10B500F0ECFBCD
:107B7000EFF30080800001D4012010BD002010BD73
:107B800030380A2801D201207047002070470808C9
:107B9000F0B504464F008E488FB07F080D460D911A
:107BA000874228DB4042381820430CD0894887425E
:107BB00003DC874218D1002C16D020462946FFF757
:107BC00095FF0FB0F0BD844A844B20462946F9F753
:107BD0000DFA07460E46824A824B20462946F9F79F
:107BE00005FA3A46334649E00120F9F757FCFFF71A
:107BF00086FF0FB0F0BD7C48874243DAF92080054C
:107C000087420BDA20462946FFF704FF042801D1FA
:107C1000FFF77EFF204629460FB0F0BD22462B46D7
:107C200010462946F9F7E2F9064602466F480F4624
:107C30000B4606217844FFF703FF32463B46F9F72F
:107C4000D5F906906A48079132463B4604217844AC
:107C5000FFF7F6FE32463B46F9F7C8F900225C4BC7
:107C6000F8F770FF02460B4607990698F8F79AFF57
:107C700022462B46F9F7BAF922462B46F8F762FF5F
:107C80000FB0F0BD2046524C69004908002223463F
:107C9000F8F770FF0022D243F9F7C8FC0546024608
:107CA00054480E460B4606217844FFF7C9FE2A4683
:107CB0003346F9F79BF906904F4807912A46334619
:107CC00004217844FFF7BCFE2A463346F9F78EF9C3
:107CD00000222346F8F736FF0591049028463146E6
:107CE00000F06CFA089045480C46874219DB059B6A
:107CF000049A07990698F8F755FF02460B46214665
:107D00000898F9F773F92346089AF8F71BFF012240
:107D1000F9F78CFC304A314BF8F721FF304A314BF0
:107D20004AE000273A460B460898F8F70BFF3A4618
:107D300023460A910E9010461946F9F757F92A463C
:107D40003346F8F717FF0A9B0E9AF8F72BFF054604
:107D50000E46059B049A07990698F8F723FF0091B1
:107D60000490012228463146F9F760FC1A4A1B4B61
:107D7000F8F700FF0E460546012221460898F9F75C
:107D800055FC009B049AF9F731F92A463346F8F777
:107D9000E6FE05460E46012238462146F9F746FC26
:107DA0000F4C174F22463B46F8F7E4FE2A4633466F
:107DB000F8F7E0FE22463B46F8F7DCFE0D9A002A73
:107DC00000DD5DE70122D20751400FB0F0BD000099
:107DD0000000F03F0000F07F075C143326A6913CC2
:107DE000182D4454FB21F93F0000E03FE00900005A
:107DF000F60900006C090000820900003333EF3FF0
:107E0000FB21E93FF0B589B004460D4648000691D4
:107E100072494008884215DB7149884203DC884278
:107E200007D1002C05D020462946FFF75FFE09B098
:107E3000F0BD6C48002D02DD6B4909B0F0BD6B4907
:107E400009B0F0BD6A49884211DA6A4988420BDA02
:107E500020462946FFF7DEFD042801D1FFF758FE32
:107E60002046294609B0F0BD0026F6435DE06D00CE
:107E700061496D08884232DA6049884219DA002681
:107E8000012332469B0720462946F8F75BFE07464A
:107E90000191012220462946F9F7C8FB0022584BE0
:107EA000F8F75DFE3A46019BF8F77CFE04460D4666
:107EB0003BE001260022524B20462946F8F742FEBD
:107EC0000746009100224E4B20462946F8F747FE10
:107ED0003A46009BF8F766FE04460D4625E0494900
:107EE000884219DA02260022474B20462946F9F734
:107EF0007DF80022424BF8F725FE0746029100224A
:107F0000414B20462946F8F72AFE3A46029BF8F7ED
:107F100049FE04460D4608E0032622462B46002073
:107F20003A49F8F73FFE04460D4622462B461046D6
:107F30001946F9F75BF807460B4602460191F9F737
:107F400055F80246029032480B46039106217844C8
:107F5000FFF776FD3A46019BF9F748F800902D4867
:107F6000019105217844039B029AFFF769FD039B69
:107F7000029AF9F73BF802460B4601990098002E49
:107F80000BDAF8F7DFFD22462B46F9F72FF82246E9
:107F90002B46F8F7EFFD09B0F0BDF8F7D3FD224608
:107FA0002B46F9F723F81C4AF6007A4493191A680D
:107FB0005B68F8F7D4FD22462B46F8F7D0FD174A48
:107FC0007A4493191A685B68F8F7D4FD069A002A78
:107FD000E1DA0122D207514009B0F0BD000010449F
:107FE0000000F07F182D4454FB21F93FFB21F9BF1D
:107FF0000000DC3F0000203E0000F33F0000E63FB1
:108000000000F03F008003400000F83F0000F0BF98
:108010007E07000040070000DA060000A40600000A
:10802000F0B51FB4039A029D53006E422E4394464E
:10803000F40F5B084A00574E52081C438E46B44268
:1080400005D847420743FC0F1443B44205D92A46DA
:108050006346FFF750FD05B0F0BD4F4E66442E431A
:108060000AD0CC0F6646B61702273E402643044688
:108070004A4F144304D00BE0FFF7C4FE05B0F0BD37
:10808000002EFBD0012EF9D0022E32D0032E34D098
:108090001C462C430BD03F4CA34216D1A2420AD11E
:1080A000012189078B438A43114603930DE07046F3
:1080B00000280FDB25E03A4D7D44002E0ED0012E26
:1080C00010D0022E15D0032E17D0A2421DD170461B
:1080D000002816DA3148334905B0F0BD69682868D0
:1080E00005B0F0BD01226968D2072868514005B08B
:1080F000F0BD38462C4905B0F0BD38462B4905B0D7
:10810000F0BD26482A4905B0F0BDD21A12153C2A06
:1081100002DD224D264C12E06346002B05DA3C239B
:10812000DA4202DA00252C4609E0039B029AF8F7AE
:1081300039FD49004908FFF765FE05460C46002E4B
:1081400012D0012E0DD01B4A1B4B022E2846214671
:1081500018D0F8F704FD3A46134BF8F700FD05B0C8
:10816000F0BD0120C00744400022134628462146A6
:1081700000F048F802D10220F9F790F9284621468C
:1081800005B0F0BDF8F7EBFC3A46074BF8F7F2FC08
:1081900005B0F0BD0000F07F000010C0182D445461
:1081A00044060000FB21F9BFFB210940FB2109C067
:1081B000FB21F93F075C143326A6A13CF8B506461F
:1081C0000C46F9F7DDFA051E0F4600D001200143E9
:1081D00049000B484908411AC90F0DD0002E01D0A3
:1081E000012100E000210C4361004908401AC00F42
:1081F00002D10120F9F752F928463946F8BD0000AE
:108200000000F07F70B501252D050C001C4310D433
:10821000EC4206D4AC420AD4994200D070BD9042E0
:1082200070BDE94217D4EB4215D4994270BD894222
:1082300070BDEC4206D5AC42F9D58B4200D070BD82
:10824000824270BD6D004C00EC4204D25C00EC42F6
:1082500001D28B4270BD034C30B4F9F741FA30BC07
:1082600070BD00BF1900120470B50125ED070400B0
:108270004C4020D4441A01D2001B0919C60D4B00F2
:10828000F2B2FF2A29D01B0E2CD000020C02284388
:108290002C43D31ADC40051910D2280A02D3401C03
:1082A0006D0611D0761EF6058019FF2A00DA70BD22
:1082B000C00DC00570BD694000F0CEF80120054337
:1082C000C541521C761CE8E764089C40C901614026
:1082D0008900E7D10124A043E4E71B0E440200D04B
:1082E000034870BD002AFCD1C00FC00770BD00BF9D
:1082F0000000C07F0123DB0502000A430DD4DA42EF
:1083000003D49A4207D488427047D84214D4D94241
:1083100012D48842704780427047DA4203D59A42AD
:10832000F9D5814270475B004200DA4204D24A002C
:10833000DA4201D28142704710B5024AF9F7A0FA39
:1083400010BD00BF090013040123DB0502000A432E
:108350000DD4DA4203D49A4207D488427047D842F7
:1083600014D4D94212D48842704780427047DA420E
:1083700003D59A42F9D5814270475B004200DA4248
:1083800004D24A00DA4201D28142704710B5024A53
:10839000F9F776FA10BD00BF0900160470B5420067
:1083A00064414B005C41120E39D01B0E38D0FF2ABD
:1083B0003CD0FF2B3AD0D2187F3A40024902400A03
:1083C000490A4518ED0106004E43000A090A4843D0
:1083D0000104731A4019190C4318990F04D05B0853
:1083E000012149075B1A521CD80904D3401CF5032C
:1083F00001D19D0607D0FF2A08D2D50506D0E40793
:108400002043401970BD0125A843F4E7002A01DC90
:10841000E00770BD2402FF202043C00570BD1B0E85
:10842000FF2A03D0FF2B01D0E00770BDFF263606E0
:108430004500B54206D84D00B54203D8D218FF2AF0
:1084400000D0E7E7004870BD0000C07F70B501258F
:10845000ED0704004C4022D4441A02D26C40001BA9
:108460000919C60D4B00F2B2FF2A4BD01B0E50D09B
:1084700000020C02A8432C43D31ADC40051B05D58F
:10848000AD0019D36D08761E521E37D0F605280AA6
:1084900001D2801970BD70416D0603D070BD694076
:1084A000FFF7E8FE9C4009026140490001D0401EF0
:1084B00070BD0124A04370BD6D081DD001202B0CA0
:1084C00001D12D0410302B0E01D12D0208302B0FBD
:1084D00001D12D01001DAB0F01D1AD00801CEB0FB0
:1084E00001D16D00401C361A121A6D00680AF5059C
:1084F0004019012A02DB70BD002070BDC036300A71
:10850000C00770BD1B0E440201D1FF2B00D10248F1
:1085100070BD002AF0D070BD0000C07F3031323312
:1085200034353637383941424344454640305800A7
:1085300030313233343536373839616263646566D9
:108540004030780004000008000000000000000235
:10855000000100001080807F7E7D7C7B7A797877B7
:108560007676757473727171706F6E6E6D6C6C6B04
:108570006A6A6968686766666564646363626161A4
:1085800060605F5F5E5E5D5D5C5C5B5B5A5A595923
:10859000585857575656555555545453535252528E
:1085A00051515050504F4F4F4E4E4D4D4D4C4C4CE5
:1085B0004B4B4B4A4A4A494949484848474747472D
:1085C000464646454545444444444343434342426A
:1085D00042424141418182838485868788898B8C90
:1085E0008D8E8F919293959697999A9C9D9FA0A21C
:1085F000A3A5A7A8AAACAEB0B2B3B5B7B9BCBEC06C
:10860000C2C5C7C9CCCED1D4D7D9DCDFE2E6E9EC0C
:10861000F0F3F7FAFE080808555555555555C53F6E
:108620007D6FEB0312D6D4BF5544880E55C1C93FA8
:108630003B8F68B52882A4BF88B20175E0EF493F3F
:1086400009F7FD0DE13D023F4B2D8A1C273A03C07F
:10865000C88A599CE52A004059018D1B6C06E6BF6B
:1086600082922EB1C5B8B33F4FBB610567ACDD3F09
:10867000182D4454FB21E93F9BF681D20B73EF3F49
:10868000182D4454FB21F93FE2652F227F2B7A3CC1
:10869000075C143326A6813CBDCBF07A8807703C7A
:1086A000075C143326A6913CC4EB98999999C9BFED
:1086B000711623FEC671BCBF6D9A74AFF2B0B3BF22
:1086C0009AFDDE522DDEADBF2F6C6A2C44B4A2BFE2
:1086D0000D5555555555D53FFF8300922449C23F4E
:1086E0006E204CC5CD45B73F513DD0A0660DB13F82
:1086F000EB0D76244B7BA93F11DA22E33AAD903F94
:1087000000000000000000000CC92C4CCD6C0000E3
:10871000000000000000002F00000000070007001C
:1087200000147F147F1400242A7F2A120062640838
:1087300013230036495522500000050300000000B5
:108740001C224100000041221C000014083E0814B5
:108750000008083E0808000000A0600000080808A3
:108760000808000060600000002010080402003EBD
:108770005149453E0000427F400000426151494658
:10878000002141454B31001814127F100027454548
:108790004539003C4A49493000017109050300365A
:1087A0004949493600064949291E0000363600006D
:1087B0000000563600000008142241000014141472
:1087C000141400004122140800020151090600326D
:1087D0004959513E007C1211127C007F49494936AB
:1087E000003E41414122007F4141221C007F494916
:1087F0004941007F09090901003E4149497A007F4A
:108800000808087F0000417F4100002040413F01EF
:10881000007F08142241007F40404040007F020C4E
:10882000027F007F0408107F003E4141413E007FEF
:1088300009090906003E4151215E007F09192946B8
:108840000046494949310001017F0101003F404094
:10885000403F001F2040201F003F4038403F006342
:108860001408146300070870080700615149454364
:1088700000007F41410000552A552A550000414122
:108880007F0000040201020400404040404000001C
:1088900001020400002054545478007F48444438B6
:1088A00000384444442000384444487F003854543D
:1088B000541800087E0901020018A4A4A47C007FBB
:1088C000080404780000447D4000004080847D005E
:1088D000007F102844000000417F4000007C041805
:1088E0000478007C0804047800384444443800FCD0
:1088F000242424180018242418FC007C08040408EC
:1089000000485454542000043F444020003C404060
:10891000207C001C2040201C003C4030403C004497
:1089200028102844001CA0A0A07C004464544C449F
:1089300014141414141400000000000000000000BF
:1089400000000000FC000000000002000000000C1D
:10895000020C020000000000000090D0BCD0BC90CF
:108960000003000300001824FE448C0003020702E9
:1089700001001824D8B04C80000300010201C03867
:10898000E438E000010202010202080600000000D3
:10899000000000000000000000F8040200000001D8
:1089A0000204000204F800000004020100009060CC
:1089B000F86090000000010000002020FC20200052
:1089C0000000010000000000000000000806000098
:1089D00000002020202020000000000000000000F7
:1089E000000000000002000000000080601C020087
:1089F000040300000000F8040404F800010202026D
:108A000001000008FC0000000002030200001884BE
:108A10004424180003020202020008042424D8009F
:108A200001020202010040B088FC80000000000347
:108A300002003C242424C400010202020100F824A4
:108A4000242CC0000102020201000C04E41C0400FA
:108A5000000003000000D8242424D80001020202F0
:108A6000010038444444F800000302020100000001
:108A700010000000000002000000000020000000C4
:108A800000000600000000205088040200000000E2
:108A90000102909090909000000000000000000201
:108AA000048850200002010000001804C4241800AB
:108AB000000002000000F804E494F8000102020241
:108AC000020000E09CF0800002030000030204FCAE
:108AD0002424D800020302020100F80404040C005C
:108AE00001020202010004FC0404F8000203020275
:108AF000010004FC24740C0002030202030004FCC5
:108B000024740C00020302000000F0080444CC406E
:108B100000010202010004FC2020FC04020300000A
:108B200003020404FC040400020203020200000425
:108B300004FC040406040403000004FC24D00C0418
:108B400002030200030204FC04000000020302020C
:108B50000203FC3CC03CFC0003000300030004FCD7
:108B600030C4FC04020302000300F8040404F8000B
:108B700001020202010004FC242418000203020086
:108B80000000F8848404F80001020207050004FCD8
:108B900024649800020302000302182424448C0079
:108BA0000302020201000C04FC040C000002030298
:108BB000000004FC0000FC04000102020100047C2F
:108BC00080E01C040000030000001CE03CE01C00EE
:108BD000000300030000049C609C040002030003E7
:108BE0000200041CE01C04000002030200000C84CC
:108BF000641C04000203020203000000FE020200E3
:108C0000000007040400000E30C000000000000156
:108C10000200000202FE000000040407000000043D
:108C2000020400000000000000000000000000003E
:108C30000808080808080000020000000000000002
:108C400000000040A0A0C00000010202030204FCDA
:108C50002020C00000030202010000C020206000AC
:108C600000010202020000C02024FC0000010202F8
:108C7000030200C0A0A0C000000102020200002008
:108C8000F82424040002030202000040A0A0602097
:108C900000070A0A0A0404FC2020C00002030200A4
:108CA00003020020E40000000002030200000000B4
:108CB00020E4000008080807000004FC80E02020F1
:108CC0000203020003020404FC000000020203028B
:108CD0000200E020E020C00003000300030020E0C9
:108CE0002020C00002030200030200C02020C000B8
:108CF00000010202010020E02020C000080F0A024B
:108D0000010000C02020E0000001020A0F0820E05E
:108D1000402020000203020000000060A0A020000C
:108D20000002020203000020F820000000000102FF
:108D3000020020E00020E00000010202030220E027
:108D4000208060200000030100006080E08060005F
:108D50000003000300002060806020000203000385
:108D6000020020E0208060200808070100000020A9
:108D7000A0602000000203020200000020DE0200CA
:108D8000000000070400000000FF00000000000FCA
:108D900000000002DE2000000004070000000201C5
:108DA00002040402000000000000000000000000B7
:108DB00000000000000000000000000000F80000BB
:108DC0000000000000333000000000100C06100C02
:108DD0000600000000000000000040C07840C0789D
:108DE0004000043F04043F040400007088FC083085
:108DF0000000001820FF211E0000F008F000E0181D
:108E0000000000211C031E211E0000F008887000D5
:108E100000001E2123241927211010160E00000027
:108E200000000000000000000000000000E0180446
:108E30000200000000071820400000020418E000B3
:108E400000000040201807000000404080F08040F3
:108E500040000202010F01020200000000F00000C9
:108E600000000101011F01010100000000000000DD
:108E7000000080B070000000000000000000000052
:108E800000000001010101010101000000000000DB
:108E90000000003030000000000000000000806092
:108EA0001804006018060100000000E01008081017
:108EB000E000000F102020100F00001010F800003C
:108EC00000000020203F20200000007008080888D3
:108ED00070000030282422213000003008888848A3
:108EE00030000018202020110E000000C02010F8D3
:108EF000000000070424243F240000F808888808A4
:108F000008000019212020110E0000E010888818A8
:108F10000000000F112020110E0000380808C8388A
:108F200008000000003F000000000070880808886A
:108F30007000001C222121221C0000E010080810F3
:108F4000E0000000312222110F00000000C0C0002C
:108F50000000000000303000000000000080000031
:108F60000000000080600000000000008040201031
:108F7000080000010204081020004040404040402A
:108F8000400004040404040404000008102040808D
:108F900000000020100804020100007048080808C2
:108FA000F0000000003036010000C030C828E81092
:108FB000E0000718272423140B000000C038E0004D
:108FC0000000203C23020227382008F88888887097
:108FD0000000203F202020110E00C03008080808A3
:108FE0003800071820202010080008F8080808108A
:108FF000E000203F202020100F0008F88888E808B3
:109000001000203F20202320180008F88888E80856
:109010001000203F200003000000C030080808387E
:10902000000007182020221E020008F8080000088F
:10903000F808203F210101213F20000808F8080816
:1090400000000020203F2020000000000808F80851
:109050000800C08080807F00000008F888C02818C1
:109060000800203F20012638200008F808000000F2
:109070000000203F20202020300008F8F800F8F8F9
:109080000800203F003F003F200008F830C00008E3
:10909000F808203F200007183F00E01008080810DB
:1090A000E0000F10202020100F0008F80808080822
:1090B000F000203F210101010000E0100808081025
:1090C000E0000F18242438504F0008F8888888885A
:1090D0007000203F2000030C302000708808080832
:1090E00038000038202121221C00180808F8080840
:1090F00018000000203F2000000008F808000008C9
:10910000F808001F202020201F000878880000C8D1
:109110003808000007380E010000F80800F80008C1
:10912000F800033C0700073C0300081868808068CB
:10913000180820302C03032C30200838C800C83809
:1091400008000000203F2000000010080808C83870
:1091500008002038262120201800000000FE02020E
:1091600002000000007F40404000000C30C00000C2
:109170000000000000010638C00000020202FE00EC
:109180000000004040407F00000000000402020296
:1091900004000000000000000000000000000000CB
:1091A00000008080808080808080000202040000B7
:1091B00000000000000000000000000080808080AF
:1091C00000000019242222223F2008F8008080009D
:1091D0000000003F112020110E0000000080808060
:1091E0000000000E11202020110000000080808867
:1091F000F800000E112020103F20000080808080A9
:109200000000001F222222221300008080F08888A4
:1092100088180020203F20200000000080808080EF
:109220008000006B94949493600008F80080808024
:109230000000203F210000203F200080989800007F
:1092400000000020203F20200000000000809898AF
:10925000000000C08080807F000008F8000080804F
:109260008000203F24022D302000000808F8000074
:1092700000000020203F202000008080808080802F
:109280008000203F20003F20003F808000808080C1
:109290000000203F210000203F20000080808080CF
:1092A0000000001F202020201F0080800080800000
:1092B000000080FFA12020110E00000000808080AF
:1092C0008000000E112020A0FF8080808000808020
:1092D000800020203F21200001000000808080804D
:1092E00080000033242424241900008080E0808042
:1092F00000000000001F202000008080000000808F
:109300008000001F202020103F20808080000080EF
:10931000808000010E3008060100808000800080FF
:1093200080800F300C030C300F00008080008080A4
:1093300080000020312E0E312000808080000080CF
:10934000808080818E70180601000080808080807F
:1093500080000021302C2221300000000000807CA1
:10936000020200000000003F404000000000FF003B
:10937000000000000000FF0000000002027C8000EE
:1093800000000040403F0000000000060101020212
:1093900004040000000000000000000000000000C5
:1093A00000000000000000000000000000000000BD
:1093B00000000000000000000000000000000000AD
:1093C000000000F0F0F000000000000000000001CC
:1093D0007F010000000000000000001C1C1C0000B9
:1093E000000000008060301C8C60301C0C0000000D
:1093F000000000000000000000000000000000006D
:10940000000000000000000000E00000000000E09C
:1094100000000086E69F86868686E69F860000011D
:109420001F01010101011F010100000080C0602037
:10943000F820E0C00000000003070C18FF70E18175
:1094400000000000070F10107F100F070000806061
:10945000206080000000E02000000F3020309F706E
:10946000DC371030C0000000100E03000718101881
:1094700007000000C02020E0C0000000000080E0E5
:109480001F38E88703C43C040000070F1810100BB6
:10949000070D1010080000808C4C38000000000000
:1094A00000000000000000000000000000000000BC
:1094B00000000000000000000000000000000000AC
:1094C00080E0300804000000000000FEFF01000002
:1094D0000000000000000000030F182040000004FE
:1094E0000830E0800000000000000000000001FFE4
:1094F000FE0000000000004020180F0300000000E4
:109500000000000000000000C00000000000004259
:1095100066663C18FF183C666642000000000000CA
:1095200003000000000000000000000080000000B8
:109530000000001010101010FF101010101000008C
:109540000000000003000000000000000000000018
:10955000000000000000000000000000000000000B
:10956000000000808C4C380000000000000000006B
:10957000000000000000000000000010101010109B
:10958000101010101000000000000000000000008B
:1095900000000000000000000000000000000000CB
:1095A0000000000000000000000000001C1C1C0067
:1095B0000000000000000000000000000000E03893
:1095C0000C000000000080701C0300000000006020
:1095D000380E0100000000000000000080C0602084
:1095E0002060C080000000FEFF010000000001FFBD
:1095F000FE000001070E181010180E0701000000F1
:10960000808080C0E000000000000000000000FF3B
:10961000FF000000000000001010101F1F101010AD
:1096200000000080402020202060C0800000000357
:109630000300804020381F070000001C1A1918186A
:109640001818181F00000080C020202060C0800073
:109650000000000303001010182FE780000000072F
:109660000F10101010180F0700000000000000007D
:10967000C0E0F000000000C0B088868180FFFF805D
:109680008000000000000010101F1F1010000000DC
:10969000E060606060606060000000003F100808EB
:1096A0000818F0E0000000070B101010101C0F034A
:1096B0000000000080C040202020E0C0000000FC2E
:1096C000FF211008080818F0E0000001070C18102E
:1096D0001010080F03000000C0E06060606060E0F0
:1096E0006000000003000000E01807000000000018
:1096F0000000001F1F00000000000080C06020204C
:10970000202060C080000087EF2C1818303068CF10
:10971000830000070F0810101010180F070000003A
:10972000C0C020202020C0800000001F3F604040BB
:10973000402010FFFE0000000C1C101010080F034A
:109740000000000000000000000000000000000019
:109750000000000E0E0E0000000000000000001CC3
:109760001C1C0000000000000000000000000000C1
:10977000000000000000000C0C00000000000000D1
:109780000000005838000000000000000000000049
:1097900000804020100000001028448201000000DA
:1097A000000000000000000001020408100000009A
:1097B0000000000000000000000000848484848415
:1097C0008484848484000000000000000000000005
:1097D0000000000010204080000000000000000099
:1097E000000000000182442810000000100804025C
:1097F00001000000000000C020201010101030E018
:10980000C0000003030000F010080C070300000074
:1098100000001C1C1C0000000000000000C0406094
:1098200020202040C00000FCFF01F00E03C1FE0319
:10983000807F0001070E08111110110904020000B9
:10984000000080E0E000000000000000807C434059
:10985000477FF880000010181F1000000000131F41
:109860001C1020E0E02020202060C080000000FFCD
:10987000FF10101010182FE78000101F1F1010107D
:109880001010180F0700000080C04020202020602A
:10989000E00000FCFF0100000000000001000001EA
:1098A000070E181010100804030020E0E02020200C
:1098B0002040C080000000FFFF000000000001FF0A
:1098C000FE00101F1F10101018080E07010020E0E6
:1098D000E020202020202060800000FFFF101010DA
:1098E000107C00000000101F1F1010101010101826
:1098F000060020E0E020202020206060800000FFA3
:10990000FF101010107C00000100101F1F1000003D
:10991000000000000000000080C06020202040E027
:10992000000000FCFF0100004040C0C140400001B9
:10993000070E181010100F0F000020E0E0200000AC
:10994000000020E0E02000FFFF101010101010FFBA
:10995000FF00101F1F1000000000101F1F1000004C
:10996000202020E0E020202000000000000000FF78
:10997000FF000000000000001010101F1F1010104A
:10998000000000000000202020E0E0202020000057
:109990000000000000FFFF0000000060E080808009
:1099A000C07F3F00000020E0E020000020A06020F9
:1099B000200000FFFF30187CE3C000000000101FF3
:1099C0001F10000001131F1C181020E0E0200000F1
:1099D00000000000000000FFFF0000000000000089
:1099E0000000101F1F10101010101018060020E0AB
:1099F000E0E000000000E0E0E02000FF013FFEC0EA
:109A0000E01E01FFFF00101F1000031F0300101FC6
:109A10001F1020E0E0C0000000000020E02000FF58
:109A20000003071C78E08000FF00101F10000000FA
:109A30000000030F1F00000080C060202060C08075
:109A4000000000FEFF010000000000FFFE0000011A
:109A5000070E181010180C07010020E0E02020204D
:109A6000202060C0800000FFFF2020202020301F29
:109A70000F00101F1F100000000000000000000079
:109A800080C060202060C080000000FEFF01000058
:109A9000000000FFFE000001070E1111133C7C675F
:109AA000210020E0E0202020202060C0800000FF76
:109AB000FF101030F0D0080F0700101F1F1000001B
:109AC00000030F1C10100080C060202020204040A8
:109AD000E00000070F0C1818303060E08100001F14
:109AE0000C0810101010180F07008060202020E0D4
:109AF000E020202060800100000000FFFF00000047
:109B0000000100000000101F1F100000000020E0F6
:109B1000E020000000000020E02000FFFF00000027
:109B200000000000FF0000070F18101010101008B0
:109B300007002060E0E02000000020E0602000003E
:109B4000077FF88000807C03000000000000071FF2
:109B50001C070000000020E0E02000E0E0200020E2
:109B6000E0200007FFF8E01FFFFCE01F00000000FE
:109B7000031F0300011F03000000002060E0A0009D
:109B80000020E0602000000000038F7CF8C6010088
:109B900000000010181E130001171F18100020608D
:109BA000E0E02000000020E06020000001073EF817
:109BB000E0180700000000000010101F1F10100028
:109BC000000000806020202020A0E0E020000000B5
:109BD0000000C0F03E0F0300000000101C1F171013
:109BE0001010101806000000000000FC040404041B
:109BF00004000000000000FF000000000000000062
:109C00000000007F404040404000000010E00000A5
:109C100000000000000000000000031C6080000045
:109C2000000000000000000000030C708000000035
:109C30000404040404FC0000000000000000000014
:109C400000FF00000000000040404040407F000056
:109C5000000000000010080C040C081000000000B8
:109C600000000000000000000000000000000000F4
:109C700000000000000000000000000000000000E4
:109C800000000000000000000000000000008080D4
:109C900080808080808080808080000000040408B4
:109CA00008000000000000000000000000000000AC
:109CB00000000000000000000000000000000000A4
:109CC00000000000000000000000000098D844647C
:109CD0002424FCF80000000F1F18101010081F1F8C
:109CE00010180020E0F0000000000000000000005C
:109CF000FFFF180804040CF8F00000001F0F1810F4
:109D00001010180F03000000000000000000000009
:109D1000000000E0F8180404043C380000000003D0
:109D20000F0C1010101008060000000000000000CA
:109D30000020E0F0000000E0F81C04040408FFFF2D
:109D4000000000030F18101010081F0F080000007B
:109D5000000000000000000000000000E0F848449F
:109D600044444C7870000000030F0C1810101008C9
:109D700004000000000080C0602020E0C00000045B
:109D80000404FFFF040404040000000010101F1F5F
:109D90001010100000000000000000000000000093
:109DA0000000000070F88C04048CF874040C00703F
:109DB00076CF8D8D8D89C87870000020E0F000008E
:109DC0000000000000000000FFFF08040404FCF88D
:109DD000000000101F1F100000101F1F10000000C7
:109DE000000000606000000000000000040404FCAB
:109DF000FC000000000000001010101F1F101010C9
:109E00000000000000000000006060000000000092
:109E10000000040404FCFC0000000000C0C08080BE
:109E2000C07F3F0000000020E0F0000000000000C4
:109E300000000000FFFF80C0F41C040400000010BC
:109E40001F1F1100031F1C1010000000202020E025
:109E5000F000000000000000000000FFFF00000014
:109E6000000000001010101F1F1010100000000054
:109E70000000000000000000000004FCFC0804FCDE
:109E8000FC0804FCFC00101F1F10001F1F10001F07
:109E90001F1000000000000000000000000000048F
:109EA000FCFC08080404FCF8000000101F1F100050
:109EB00000101F1F10000000000000000000000044
:109EC000000000E0F0180C04040C18F0E00000039F
:109ED0000F0C101010100C0F030000000000000009
:109EE0000000000000000004FCFC080404040CF85E
:109EF000F0000080FFFF889010101C0F030000008E
:109F00000000000000000000000000E0F81C040455
:109F10000408F8FC000000030F1810109088FFFFE1
:109F200080000000000000000000000000000404A9
:109F300004FCFC100804040C0C001010101F1F106F
:109F400010100000000000000000000000000000F1
:109F5000000000003078CCC48484840C1C00000015
:109F60001E1810101011190F06000000000000C08C
:109F700000000000000000040404FFFF04040400CB
:109F80000000000000000F1F1010100C0000000067
:109F9000000000000000000000000004FCFE0000C3
:109FA0000004FCFE000000000F1F181010081F0F17
:109FB0000800000000000000000000000000000495
:109FC0000C3CFCC40000C43C0C0400000000010F69
:109FD0001E0E010000000000000000000000000054
:109FE0000000043CFCC400E47CFC84807C04000091
:109FF000071F070000071F07000000000000000007
:10A000000000000000000004041C7CE4C0341C04B8
:10A0100004000010101C1601131F1C181000000073
:10A020000000000000000000000000040C3CFCC424
:10A0300000C43C0404000000C080C1370E010000D1
:10A040000000000000000000000000000000000010
:10A050001C0404C4F47C1C0400000000101C1F1726
:10A06000111010180E0000000000000000F80C0491
:10A07000000000000000001028EF000000000000B9
:10A0800000000000003F60400000000000000000F1
:10A09000FF0000000000000000000000FF000000C2
:10A0A0000000000000000000FF00000000000000B1
:10A0B000040CF80000000000000000000000EF2881
:10A0C000100000000000000040603F0000000000A1
:10A0D00000000018060202040810202030080000CA
:10A0E0000000000000000000000000000000000070
:10A0F000000000000000FA00F401E803D0070008A7
:10A100000010000000180001000200000003000021
:10A110007000000000240000000200030000006541
:10A120000054FFEF0000FA80000B12820001030CC4
:10A1300030C30E8C8CE914D5400213710F8E388316
:10A14000F8833000F883258EF8833000F883FFFF12
:10A15000FFFF0FFEA9D6240004001A8279A1000097
:10A16000003CFFFF00000010000038836FA2003E9B
:10A1700003304000000002CAE3093E8000002000D6
:10A180000000000000004000000060000000000C23
:10A190000000000C186E000006920A16C0DFFFFFD8
:10A1A0000256FD8CD377FFE1C496E0C5BEAA00003D
:10A1B0000000FFFF0B2B0000165700000359400062
:10A1C000000000001DFA00026C1D000000003FFFAF
:10A1D000DFEB003EB3B6000D227800002F3C0000FC
:10A1E0000000001942B5000039A20000B365D90E85
:10A1F0009FC91DCF4C3430000000500000003BB61A
:10A200007AE80064000000C80000000000001000B0
:10A2100000001000FA921000225E000D229F000143
:10A22000000000320000FF46000063D40000100070
:10A23000000004D6000004CC000004CC00000000A4
:10A240001072000000400000000000000000000646
:10A25000000200050007000000000064000000008C
:10A260000000000000050005006400200000000060
:10A27000000000000000000040000000030000009B
:10A280000032F8980000FF650000830F0000FF9B7C
:10A29000FC000000000000000000000000000000C2
:10A2A00000000000000000000000000000000000AE
:10A2B000000000000000000000000000100040004E
:10A2C0000000000000060000B26A00020000000169
:10A2D000FB830068000000D9FC007CF1FF830000D4
:10A2E000000000650000006403E80064002800002E
:10A2F00000250000000016A0000000001000000073
:10A300001000002F0000000001F4000010000028E1
:10A310000000FFFF4581FFFFFA720000000000000F
:10A320000000004400050005BAC6004778A20000FE
:10A330000001000000000000060000000014000002
:10A34000254D002F706D000005AE000C02D00000FE
:10A350000000000000000000000000000000001BE2
:10A360000000000000000000000000000000006489
:10A3700000000008000000000000000000000000D5
:10A3800000000000000000000000000000000000CD
:10A3900000000000000000000000000000000000BD
:10A3A00000000000000000000000000000000000AD
:10A3B000000000000000000000000000000000009D
:10A3C0000000000000000000000000000000001B72
:10A3D00000000000000000000000000E000E000061
:10A3E0000AC70004000000000032FFFFFF9C0000CD
:10A3F0000B2B000000020000000100000064FFE5DC
:10A40000000000000000000000000000000000004C
:10A410000001000000000001000000000000000139
:10A4200080000001800000018000002426D300008D
:10A43000000000000000000600100096003C000034
:10A4400000000000000000000000000000000C0AF6
:10A450004E68CDCF770950166759C619CE820000D5
:10A4600000000000000000000000000000000000EC
:10A4700000000000000017D7840003000000000067
:10A48000000000000000C7938F9D1E1B1C190000D8
:10A4900000000000000000000000000000000000BC
:10A4A00000000000000002031885000040000000CA
:10A4B0000003000000030000000000000000400056
:10A4C000000000000000000000000000000000008C
:10A4D000000000000000000000000000000000007C
:10A4E000000000000000000000000000000000006C
:10A4F0000000677DDF7E72902E554CF6E6880000E6
:10A500000000000000000000000000000000D8DC97
:10A51000B4B8B0D8B9ABF3F8FAB3B7BB8E9EAEF10E
:10A5200032F51BF1B4B8B08097F1A9DFDFDFAADF05
:10A53000DFDFF2AAC5CDC7A90CC92C97F1A98926DE
:10A540004666B28999A92D557DB0B08AA89636562F
:10A5500076F1BAA3B4B280C0B8A89711B28398BA02
:10A56000A3F0240844106418B2B9B49883F1A32965
:10A57000557DBAB5B1A38393F0002850F5B2B6AAC1
:10A58000839328547CF1B9A3829361BAA2DADEDF07
:10A59000DB819AB9AEF5606870F1DABAA2DFD9BA98
:10A5A000A2FAB9A38292DB31BAA2D9BAA2F8DF85A6
:10A5B000A4D0C1BBAD83C2C5C7B8A2DFDFDFBAA0DC
:10A5C000DFDFDFD8D8F1B8AAB38DB4980D355DB20E
:10A5D000B6BAAF8C96198F9FA70E161EB49AB8AA5A
:10A5E000872C547CBAA4B08AB691325676B2849441
:10A5F000A4C808CDD8B8B4B0F19982A82D557D98DB
:10A60000A80E161EA22C547C92A4F02C5078F18433
:10A61000A898C4CDFCD80DDBA8FC2DF3D9BAA6F8B8
:10A62000DABAA6DED8BAB2B68696A6D0F3C841DAB0
:10A63000A6C8F8D8B0B4B882A892F52C548898F17E
:10A6400035D9F418D8F1A2D0F8F9A884D9C7DFF821
:10A65000F883C5DADF69DF83C1D8F40114F1A88279
:10A660004EA884F311D182F5D992289788F109F484
:10A670001C1CD884A8F3C0F9D1D99782F129F40D14
:10A68000D8F3F9F9D1D982F4C203D8DEDF1AD8F1B0
:10A69000A2FAF9A88498D9C7DFF8F8F883C7DADFF7
:10A6A00069DFF883C3D8F40114F198A8822EA88436
:10A6B000F311D182F5D992509788F109F41CD8840E
:10A6C000A8F3C0F8F9D1D99782F149F40DD8F3F97C
:10A6D000F9D1D982F4C403D8DEDFD8F1AD8898CCA3
:10A6E000A809F9D98292A8F57CF1883ACF944A6EEC
:10A6F00098DB6931DAADF2DEF9D88795A8F221D17D
:10A70000DAA5F9F417D9F1AE8ED0C0C3AE82C684F3
:10A71000C3A88595C8A588F2C0F1F4010EF18E9EFC
:10A72000A8C63E56F554F18872F40115F198458596
:10A730006EF58E9E0488F142985A8E9E068869F4C2
:10A74000011CF1981E1108D0F504F11E9702029821
:10A750003625DBF9D985A5F3C1DA85A5F3DFD885E0
:10A7600095A8F309DAA5FAD88292A8F578F1881AA3
:10A77000849F26889821DAF41DF3D8879F39D1AFBA
:10A78000D9DFDFFBF9F40CF3D8FAD0F8DAF9F9D015
:10A79000DFD9F9D8F40BD8F3879F39D1AFD9DFDFF0
:10A7A000F41DF3D8FAFCA869F9F9AFD0DADEFAD9CA
:10A7B000F88F9FA8F1CCF398DB45D9AFDFD0F8D85C
:10A7C000F18F9FA8CAF38809DAAF8FCBF8D8F2AD22
:10A7D000978D0CD9A5DFF9BAA6F3FAF412F2D89541
:10A7E0000DD1D9BAA6F3FADAA5F2C1BAA6F3DFD829
:10A7F000F1BAB2B68696A6D0CAF349DAA6CBF8D893
:10A80000B0B4B8D8AD84F2C0DFF18FCBC3A8B2B674
:10A810008696C8C1CBC3F3B0B48898A821DB718DEC
:10A820009D71859521D9ADF2FAD88597A828D9F4DC
:10A8300008D8F28D29DAF405D9F285A4C2F2D8A895
:10A840008D9401D1D9F411F2D88721D8F40AD8F225
:10A850008498A8C801D1D9F411D8F3A4C8BBAFD04B
:10A86000F2DEF8F8F8F8F8F8F8F8D8F1B8F6B5B973
:10A87000B08A95A3DE3CA3D9F8D85CA3D9F8D87CDC
:10A88000A3D9F8D8F8F9D1A5D9DFDAFAD8B185304B
:10A89000F7D9DED8F830ADDADED8F2B48C99A32D32
:10A8A000557DA083DFDFDFB591A0F629D9FBD8A0C5
:10A8B000FC29D9FAD8A0D051D9F8D8FC51D9F9D867
:10A8C00079D9FBD8A0D0FC79D9FAD8A1F9F9F9F94E
:10A8D000F9A0DADFDFDFD8A1F8F8F8F8F8ACDEF895
:10A8E000ADDE8393AC2C547CF1A8DFDFDFF69D2C2A
:10A8F000DAA0DFD9FADB2DF8D8A850DAA0D0DED95B
:10A90000D0F8F8F8DB55F8D8A878DAA0D0DFD9D09D
:10A91000FAF8F8F8F8DB7DF8D89CA88CF530DB382D
:10A92000D9D0DEDFA0D0DEDFD8A848DB58D9DFD011
:10A93000DEA0DFD0DED8A868DB70D9DFDFA0DFDFE4
:10A94000D8F1A888902C547C98A8D05C38D1DAF241
:10A95000AE8CDFF9D8B087A8C1C1B188A8C6F9F913
:10A96000DA36D8A8F9DA36D8A8F9DA36D8A8F9DA72
:10A9700036D8A8F9DA36D8F78D9DADF818DAF2AEE8
:10A98000DFD8F7ADFA30D9A4DEF9D8F2AEDEFAF9A5
:10A9900083A7D9C3C5C7F1889BA77AADF7DEDFA42B
:10A9A000F8849408A797F300AEF29819A488C6A378
:10A9B0009488F632DFF28393DB09D9F2AADFD8D884
:10A9C000AEF8F9D1DAF3A4DEA7F1889B7AD8F38444
:10A9D00094AE19F9DAAAF1DFD8A881C0C3C5C7A31C
:10A9E0009283F628ADDED9F8D8A350ADD9F8D8A314
:10A9F00078ADD9F8D8F8F9D1A1DADEC3C5C7D8A1A6
:10AA00008194F818F2B089ACC3C5C7F1D8B8B4B016
:10AA10009786A8319B069907AB9728889BF00C2056
:10AA20001440B0B4B8F0A88A9A285078B79BA829E7
:10AA30005179247059446938644831F1BBAB8800BE
:10AA40002C547CF0B38BB8A804285078F1B088B4AB
:10AA50009726A85998BBABB38B02264666B0B8F0D0
:10AA60008A9CA82951798B2951798A2470598B2085
:10AA700058718A4469388B3940688A6448318B3010
:10AA8000496088F1AC002C547CF08CA804285078E4
:10AA9000F1889726A85998AC8C02264666F0899CC6
:10AAA000A8295179247059446938644831A9880922
:10AAB000205970AB11384069A8193148608CA83C06
:10AAC000415C207C00F187981986A86E767EA99952
:10AAD000882D557DD8B1B5B9A3DFDFDFAED0DFAAB1
:10AAE000D0DEF2ABF8F9D9B087C4AAF1DFDFBBAF93
:10AAF000DFDFB9D8B1F1A3978E60DFB084F2C8F878
:10AB0000F9D9DED89385F14AB183A308B5839A08B1
:10AB100010B79F10D8F1B0BAAEB08AC2B2B68E9E4E
:10AB2000F1FBD9F41DD8F9D90CF1D8F8F8AD61D9F9
:10AB3000AEFBD8F40CF1D8F8F8AD19D9AEFBDFD8DC
:10AB4000F416F1D8F8AD8D61D9F4F4ACF59C9C8D78
:10AB5000DF2BBAB6AEFAF8F40BD8F1AED0F8AD519F
:10AB6000DAAEFAF8F1D8B9B1B6A3839C08B9B183CB
:10AB70009AB5AAC0FD3083B79F10B58B93F202023D
:10AB8000D1ABDADED8F1B080BAABC0C3B284C1C3F6
:10AB9000D8B1B9F38BA391B609B4D9ABDEB0879C19
:10ABA000B9A3DDF1B38B8B8B8B8BB087A3A3A3A34E
:10ABB000B28BB69BF2A3A3A3A3A3A3A3A3A3A3F1C6
:10ABC000B087B59AA3F39BA3A3DCBAACDFB9A3A368
:10ABD000A3A3A3A3A3A3A3A3A3A3A3A3A3A3D8D8DB
:10ABE000D8BBB3B7F1AAF9DAFFD9809AAA28B48002
:10ABF00098A720B79787A86688F07951F1902C879D
:10AC00000CA781976293F071716085940129517945
:10AC100090A5F1284C6C870C95188578A383902813
:10AC20004C6C886CD8F3A28200F210A8921980A212
:10AC3000F2D926D8F188A84DD948D896A83980D914
:10AC40003CD89580A839A68698D92CDA87A72CD825
:10AC5000A8899519A980D938D8A88939A980DA3C5A
:10AC6000D8A82EA83990D90CD8A8953198D90CD845
:10AC7000A809D9FFD801DAFFD89539A9DA26FFD873
:10AC800090A80D8999A810809821DA2ED88999A8C2
:10AC90003180DA2ED8A886963180DA2ED8A887316E
:10ACA00080DA2ED8A88292F34180F1D92ED8A882DA
:10ACB000F31980F1D92ED882ACF3C0A28022F1A67C
:10ACC0002EA72EA92298A829DAACDEFFD8A2F22A54
:10ACD000F1A92E8292A8F23180A696F1D900AC8C0F
:10ACE0009C0C30ACDED0DEFFD88C9CACD010ACDE3F
:10ACF0008092A2F24C82A8F1CAF235F19688A6D9C8
:10AD000000D8F1FF0100000000000000000000007A
:10AD10000000000000000000100000000001000022
:10AD200007000000010000002C00C44104040008DA
:10AD3000220000001F0300000100000000000000CE
:10AD40000000000008070908020000001F4E000074
:10AD500000000000000000000000000008000000EB
:10AD6000180000000030000008010008E80300009F
:10AD7000000100006800000476005401F7FD0001A6
:10AD800075191A0C6A231B1C1F207274433B41382F
:10AD9000393A6B6C376F06246D6E702C005265204B
:10ADA00025640D0A006D70753D25640D0A004D5037
:10ADB0005536303530204944203D2025780D0A0095
:10ADC0004E6F7420466F756E64204D505536303589
:10ADD00030204D6F64656C0050726F647563742031
:10ADE00049442072656164206173203020696E647B
:10ADF000696361746573206465766963652069734E
:10AE00002065697468657220696E636F6D70617426
:10AE100069626C65206F7220616E204D5055333031
:10AE200035302E00830000000008000000010018EB
:10AE300032000500000020410000D242295C0F3E94
:10AE40009A99993E3333733F295C0F3E08080808EE
:10AE500070AE00000000202058000000200100001B
:10AE6000C8AE000058002020880B000048010000F8
:10AE70000000000000002041FA0000000100000076
:10AE8000010000000108080880AD000074AD00005A
:10AE900000000000000000000000000000000000B2
:10AEA00000000000000000000000000000000000A2
:10AEB00024AE00000A0000000000000069580000F5
:08AEC000060000000808080864
:04000005000000C136
:00000001FF
