:020000040000FA
:20000000E00B2020A5010000A9010000AB01000000000000000000000000000000000000B9
:20002000000000000000000000000000AD0100000000000000000000AF010000B1010000B0
:20004000B3010000711F0000B3010000B3010000B3010000B3010000B3010000B301000024
:2000600000000000B3010000B30100000000000000000000B3010000B3010000E157000078
:20008000B301000081570000B301000055570000B3010000B301000000000000000000000C
:2000A000B3010000B30100000000000000000000B301000000000000B3010000B3010000BC
:2000C00000F002F800F05FF812A030C8083824182D18AC4201D100F056F80FCCA246AB46D2
:2000E0000CA730CF2D1B083F3F197C427F1E54442D090426F441641EAC4201D300F043F870
:200100000126334200D0FB1A3343984754465D46DFE700003CAD00005CAD000008080808F4
:20012000103A02D378C878C1FAD8520701D330C830C101D504680C607047080808080808AA
:2001400070470808080808080023002400250026103A01D378C1FBD8520700D330C100D50A
:200160000B60704710B5642902D100F07BF810BD782902D100F0ACF810BD002010BD1FB572
:200180001FBD10B510BD01F0B1FB1146FFF7F7FF06F060F901F0C9FB03B4FFF7F2FF03BCB0
:2001A00005F060FB06480047FEE7FEE7FEE7FEE7FEE7FEE703480449024A044B7047000012
:2001C000C1000000E0072020E00B2020E00720200FB4054910B503AA029801F0DBF910BC37
:2001E00008BC04B018470000D80320200FB41CB5074B06AA7B4469460090059801F0B1F941
:200200000020694601F0C0F91CBC08BC04B018479113000070B5044685690068C10601D5B0
:20022000302600E02026C00707D070BD62683046A1689047206A401C20626D1EF6D570BD6C
:2002400070B5044685690078C00707D170BD6268A16820209047206A401C20626D1EF6D555
:2002600070BD0808F7B5002575291068009914A611D0C046C046002802DA404211A608E0F5
:20028000009909688A0701D50FA602E0490704D50EA6012501E0C046C046009F0024243748
:2002A00004E001F0AFF930313955641C0028F8D12B4632462146009801F0F6F8FEBD0000DF
:2002C000000000002D0000002B0000002000000070B504460D4621461068C046C046218850
:2002E000090502D50F4A7A4402E00E4A7A440E3223460021243305E006070009360F965DB6
:200300005E54491C0028F7D120780023000705D5702D03D0002901D002231132204601F011
:20032000C3F870BD32820000F3B50446002081B020622046E168884700287DD0252802D04A
:200340006268A16883E0454F00257F442046E16888472028064608DB312E06D2B819203896
:200360000078002801D00543F0E7A80701D5042085430020E0610746A0612A2E0AD0304625
:2003800007F0FEFB002827D0B8000019303E0090866119E00298BA00121902C891610290D2
:2003A0002046E1688847012F064617D1E06900281FDA202085431CE000980A2180694843B6
:2003C00000998019303888612046E1688847064607F0D6FB0028EFD1012F0AD02E2E08D1E1
:2003E0002046E16888470646202005437F1C022FC3DBA069002803DA4042A0610120054347
:20040000E80701D010208543002E24D030464138192803D80120C00205432036204625608B
:200420003146029A1546FFF79DFE00280CD0012807D0ED1DE80800E00DE0C0000830029068
:2004400077E72D1D029574E762683046A1689047206A401C6CE7206AFEBD0000F6810000ED
:2004600010B5024A01F0AAF810BD000000002020401ECAB24178401C8A4202D00029F9D14B
:2004800000207047034610B50B439B070FD1042A0DD308C810C9121FA342F8D018BA21BA65
:2004A000884201D9012010BD0020C04310BD002A03D0D30703D0521C07E0002010BD037853
:2004C0000C78401C491C1B1B07D103780C78401C491C1B1B01D1921EF1D1184610BD080854
:2004E00030B5441C03E00178401C00290DD08107F9D10B4BDD0104C8D11A91432940FAD0B5
:20050000001B0A0603D0C01E30BD001B30BD0A0401D0801E30BD0902FCD0401E30BD00007E
:200520000101010101E004C0091F0429FBD28B0701D50280801CC90700D002707047002978
:200540000BD0C30702D00270401C491E022904D3830702D50280801C891EE3E70022EEE706
:200560000022DFE7F8B507460B4639461943890713D1164CE601042A0FD302CB0D1B8D43DB
:20058000354202D102C0121FF5E7CBB20370401C521E002B13D0090AF7E7002A14D01978E8
:2005A000521E5B1C0170401C002908D0002A0BD01978521E5B1C0170401C0029EDD1002A2B
:2005C00002D01146FFF7CAFF3846F8BD01010101002203098B4273D3030A8B4258D3030BA8
:2005E0008B423CD3030C8B4221D312E003460B437FD4002243088B4274D303098B425FD3E7
:20060000030A8B4244D3030B8B4228D3030C8B420DD30902FF2212BA030C8B4202D312128A
:20062000090265D0030B8B4219D300E0090AC30B8B4201D3CB03C01A5241830B8B4201D3E7
:200640008B03C01A5241430B8B4201D34B03C01A5241030B8B4201D30B03C01A5241C30AFE
:200660008B4201D3CB02C01A5241830A8B4201D38B02C01A5241430A8B4201D34B02C01A62
:200680005241030A8B4201D30B02C01A5241CDD2C3098B4201D3CB01C01A524183098B4201
:2006A00001D38B01C01A524143098B4201D34B01C01A524103098B4201D30B01C01A5241A1
:2006C000C3088B4201D3CB00C01A524183088B4201D38B00C01A524143088B4201D34B001B
:2006E000C01A5241411A00D201465241104670475DE0CA0F00D04942031000D3404253400D
:200700009C46002203098B422DD3030A8B4212D38901FC2212BA030A8B420CD389019211E3
:200720008B4208D3890192118B4204D389013AD0921100E08909C3098B4201D3CB01C01A84
:20074000524183098B4201D38B01C01A524143098B4201D34B01C01A524103098B4201D38D
:200760000B01C01A5241C3088B4201D3CB00C01A524183088B4201D38B00C01A5241D9D28D
:2007800043088B4201D34B00C01A5241411A00D201465241104663465B1001D34042002BC3
:2007A00000D54942704763465B1000D3404201B50449002802DC491C084000E00846C046CF
:2007C000C04602BDFFFFFF7F70477047704708080246C80FC00781434B0030B54B405B00E3
:2007E0009B0D20D01923DB06C91801231B05994220DB0324A40704251346AB400BD3002B01
:2008000004D1EB0613409B00E34204D401246407002312195941FF231B0599420BD2C900EC
:200820000143500F09E0CB0204D501430803024305D0054830BDFF21C905084330BD08466F
:2008400007210905884330BD0000C07FF0B50C46871A9C410D46861A9D4103D2C01BA14193
:20086000D21963410D0D1F0DC94EEC1BAE435CD07F057F0D0026002F51D02D05AC46A943D2
:20088000DD020123ED0A1B051D4320231B1B24D41746E740381871412F46E740CC199D4089
:2008A0002818314661410C0D27D161449A4013D50023401C594152000ED140084000012272
:2008C0004B005205D34207D305204007C14201D5B04900E0B0493046F0BD6B00002A00D0E8
:2008E00001229A181F23203C1B1B01D5002302E0E540281871410C0DD7D00124240509192D
:20090000C407CD0740084908E40F28436144002CD5D00024401C61419A40D0D1CDE76A050B
:20092000520DD9D1C90FC907D5E79C4D4E00002801D0012400E0002434195F00002A01D04A
:20094000012600E00026BE19954FAC420CD8AE420AD8B44206D001256D05EC42BCD0104697
:200960001946F0BD9942FCD000203946F0BDF0B51FB40C460F46811A9F412546861A9D41F5
:2009800006D20125ED076F40401ABC4152187B41210D1E0D8D1BAC467D4D8D437ED07505E4
:2009A0006D0D7CD00D05AE46AC431B031B0B794D52429D41202366469B1B14D31746F740E0
:2009C000381800260090744160462F460741E41900989D402818664116D4714671189A409C
:2009E00025D5012320E093182A466A415200002B00D0521C1E23203E9B1B002B61DD354124
:200A0000EE1728186641E8D5001876415B1C9A4000D3401C4B05F3181524E34010D3002B19
:200A200052D071467118D30FC01802D3491C05B0F0BD0123DB079A42F9D140084000F6E7ED
:200A400001225205B21801D1002853D00123CC0ADB029943891E002A08D1020C03D0020CE9
:200A60000004103902E00246002020390023550B05D112020823550B01D152010D23550CD8
:200A800001D112011B1DD50C01D192009B1C150D01D152005B1C2025EE1A01E02CE022E044
:200AA0000546F54015439840CA1AE10769181305C918002ABBDA032040070818C10FC90757
:200AC0000FE071466118B2E7F10740080843711071444A000CD001235B059A42A7D2C90FC6
:200AE000C9070020A3E74905490D26D1002001E00028F4D100219AE7284D6600002801D07D
:200B0000012100E0002171185F00002A01D0012600E00026BE19224FA94210D8AE420ED8B1
:200B2000B14208D001256D05E94206D01946A802414010467BE79C4201D0214677E700207B
:200B4000394674E710B50C465C4005D50124E4076340FFF70CFF10BDFFF778FE10BD30B490
:200B60000C465C4004D50124E407634030BC6DE630BCFCE670B50124E40761400D465D4028
:200B800002D4FFF763FE70BD6340FFF7F0FE70BDFF0700000000F0FF0000F07F0000E0FF04
:200BA0000000F87FF0B5F94D0C091E092C402E402F468BB0A7437DD0B543FCD0002E7AD09A
:200BC000002CFCD00D465D40ED0F2543AC1BFF25AD0464190894C502440DC9022143500D70
:200BE000DC0204430120C00701430443D2020191200C110C00958C46010423468B430A9170
:200C000061460904E24D8A430991010A7D4449198039097805464D4301266D18F605751B10
:200C20006943C90C640B891C4C436418B5012C1B250C2E04B4434C434D43210C691889095E
:200C40000591009DE90701D00121C90704912C4601996708CD072F434C08059DE10B4D43E6
:200C60002D0C29466646754302950D4645432E46029D7D1BB44100950D465D4301942C0C01
:200C80002F040D465543AE462D0C3D43029503947546049C2D04641B049406D2029C039DA2
:200CA000641C002675410395029401AC70CC009F7D1B01E03EE162E1B44109040095079118
:200CC00001940599A4086143090C0C464443650BE7040C4666467443A646640B3C43039521
:200CE00002947446049DE4042C1B049406D2029C039D641C002675410395029401AC70CCB3
:200D0000009F7D1BB44101940C465C430095650FE7000C465443A646640F3C43039502943C
:200D20007446049DE4002C1B049406D2029C039D641C002675410395029401AC70CC009F6D
:200D40007D1BB441AE09AF06049DC900AD092F43049DA406AD060495079D3443691807913D
:200D6000059DE10B4D432D0C29466646754302950D4645432E46029D7D1BB44100950D464F
:200D80005D4301942C0C2F040D465543AE462D0C3D43029503947546049C2D04641B04944A
:200DA00006D2029C039D641C002675410395029401AC70CC009F7D1BB44101948C050694BE
:200DC000079C890A611800950791019C0599A4086143090C0D464543680BEF040D46644659
:200DE00065436C0B3C43049FED047D1BAC4602D20025641C6841009E019D371B8541084673
:200E0000584301950C46460FC5005443600F28436546E4002C1B02D20025401C6E41019D4C
:200E20003F1AB5412846BD09800628438446A009BF064E020699A40676180743079D0020D1
:200E400068410A99079019430020099B00906046FF1913434041E20F64003A43A446044664
:200E6000D71A8C41A04203D90120009020463A46C70F941840416246D20F22436446640060
:200E80000494009CBE466400D71AA446044602978C417746002F01D1A04204D96046401CAC
:200EA0008446029A2046C40FA64694184041049A0546D20F224364466400D31A8D417146CB
:200EC000002901D1A84202D928461A46641C10430122002800D0164361020020079B891976
:200EE00004465C410223002C02DB491813466441089DCE0A2D145D194B056705E10A2C0572
:200F00000D1908993E43C9076940002B08D0934006D30022761C5141002B01D1760876002A
:200F20001C4A002D43DB154241D0AA433FD030460BB0F0BD06180D464D41174C7642AC41B7
:200F40001AD395181C465C41134A6D42A24113D3012252054C00D4420AD15C00D4420BD01F
:200F60004B4002D592021143E2E749004908DFE75940C90FC90718E000200849D8E7054848
:200F800001420DD10342F7D0F2E700000000FF07457900000000F07F0000E0FF0000F87FC2
:200FA000114859400143C01241400020C0E70123089A9B069A4205DC032252078918C90FC6
:200FC000C907B5E7052252078918074A1143D2125140ADE770B515461C4602460B462846ED
:200FE0002146FFF7DFFD70BDFFFFFF7FF0B58B4C0F09254689B0BD437BD01D092646AE4309
:20100000FAD00E465E402740F60F3E43254071D024012142FBD0FF24AD19A4042D1B0395BD
:2010200001252D05DB02DB0AC9022B43C90A29431E010901040F130F050121431701880BAB
:20104000820391432D098C46A90B1E438A039543B30B9A0396433F09BA0B9403A74302965B
:201060002E467E430497B6464E19D7190C460196544305977E43371B7646BF1B3601B64655
:20108000BE0B361900967646BC043719009C01D3641C00946400002F01D001263443029EB0
:2010A000049F754366467E430496760034196E0034190094029C019E1C196643751BAE461D
:2010C000069465464519059C05956C43594375460891691A0191049E01465143A41B0491AD
:2010E000611A009C0791E10605D061090122114302E072E06EE06109089D00272C0A2D0683
:201100006918049D7C412A0A2D066918019D6241AC0DAD026D185441079A910D9202551904
:201120006141029A644658435443069B059A5A43121A131B9A0E9B015B187A41010B0005DB
:20114000C3185141220A200644195A419A4200D2491C01204002814203D315230226F64330
:2011600002E014230326F6432020C51AA9401746AF40DA400A4320460399D8400914731877
:2011800019055118039A3843D2075140AC4009D00122944006D30022401C5141002C01D1A3
:2011A000400840001E4A934212D3012203989206904207DB0520400709181A480143C01276
:2011C000414004E0032040070818C10FC907002009B0F0BD0020F107FAE705180C464C4105
:2011E00011486D42A04115D394181A465A410E48644290410ED301204A004005824209D379
:201200005A00824206D35940C90F084AC90700201143DDE700200649DAE700000000FF07D6
:20122000FE070000FFFFFF7F0000E0FF0000F07F0000F87F0121C9050123411842001B0698
:20124000D3185B0E0AD0C1100722D206891840075242D14201D5520089187047090208D597
:201260000146002A03D0C10FC9070020704710467047420202D00020024970470721090538
:201280000143F4E70000F87FF0B5FF252D04C609C209FF2704462E400137CB093E43484031
:2012A0002A402B400746002A6BD0002B69D0AA4267D0AB4265D0002800DA32460125ED056C
:2012C00029432C4309022002090AD21A4B0C7F24E31A434C000A7C44E35C7D242404121984
:2012E00014145B00A218884201D3521C00E0400049420C465C4324115C43DB016415E318E5
:20130000040A5C43C502200D0C4644436419250A5D432303EC0C0D46654300030019EB18CF
:201320004C42A34201D35B18401CD4052018002B07D05B00C91804D3401C002901D14008D2
:2013400040003F2189048A4209D3002A08DC1106090F04D0032149074018C00FC007F0BD98
:2013600001224100120689187F2252069142F6D205214907C84201D59010F0BDFF20C00535
:20138000F0BD002F00DA32461648AA4207D2AB4205D21902090E17D0F80FC007F0BDFF2580
:2013A00063002D06AB42F9D84900A942F6D8AB4201D1A942F2D0A94201D1002101E061004B
:2013C0004908D0050843F0BD1102090EFBD0FF200243D005F0BD0A460146104654E70000EC
:2013E000FB7200000000C07F10B501469E240002CA15A307002A02D01843002A04DBA21ACC
:20140000002A0CDDD04010BD1206120E01D140004008A21A03D4D04040420028F3DDFF220C
:2014200048001206904201D9002010BDC817C043584010BD1F22030C02D10F2200041CD028
:20144000030E01D10002083A030F01D10001121F830F01D18000921E002801DB4000521E07
:20146000D2055118021251181922904004D3491C002801D14908490008467047C10FC9072F
:2014800000D04042012292071143D3E701218907D0E710B500F0FAF8006810BD10B50446DC
:2014A00000F0F4F8046010BDFFB504460D4681B0243000902168880604D51022E06991437A
:2014C000216000E00120A84201DD471B00E000270498A1697A191018081AA0612078C00677
:2014E00002D42046FEF796FE002608E003986268A168805D9047206A401C761C2062049861
:201500008642F3DB2078C0060AD52046FEF782FE06E06268A16830209047206A401C2062D5
:2015200038467F1E0028F4DC07E000986268A168405D9047206A401C206228466D1E002849
:20154000F3DC2046FEF77CFE2078000602D5022005B0F0BD0120FBE701694A1C0261087838
:20156000704700B58FB00291002105910549019379440391114604906846FEF7D5FE0FB023
:2015800000BD0000E5FFFFFF0A681070521C0A6070470808084B70B50D467B44FFF7E1FFBB
:2015A0000446284600F076F8002802D00020C04370BD204670BD0000D74D0000F8B515460C
:2015C0000E46040003D12C68002C00D10CA4204600F075F80419207800280ED0274631463C
:2015E000384600F05BF804192078002802D000202070641C38462C60F8BD0027FAE7000084
:201600000000000001468008081A02091018020A1018020C1018C008820012185200891AD3
:2016200001E0401C0A390A29FBD2704770B505464800440D124B0020002C0AD0634008D06C
:201640009A4206DA6642B24203DD12054019514170BD002C08D0002B09D0C90FC907002A49
:20166000F6DB084A114370BDC90FC90770BD28460A03104302D00020034970BD284670BD1D
:20168000FF0700000000F07F0000F87F0048704758002020C06880210840704730B50346D1
:2016A0001D78002D03D00A4603E0AC4201D1181A30BD1478521C002CF7D15B1CF0E730B562
:2016C00003461D78002D08D00A461478521C002C03D0AC42F9D15B1CF3E7181A30BD0808A6
:2016E000F8B5264C4E00069DA6420AD8A64201D1002806D15E00A64203D8A6420AD1002A49
:2017000008D00D242404254233D02946002000F014F9F8BD0C461C4311D4994207D0C81AC3
:2017200002D3EFF30080F8BDEFF30080F8BD801A02D3EFF30080F8BDEFF30080F8BD0924DC
:201740002407E5008B4207D0581A02D3EFF3008006E0EFF3008007E0101A03D3EFF300809B
:20176000A04303E0EFF30080A043284380F30088F8BD009500F0F8F8F8BD00000000E0FF3A
:20178000F0B53D4B02460C461C400020002C63D03A4D8B4366D000296BDB0B0D1D05A94387
:2017A00001252D0529430124FD33E34001D392184941FF3381339C468B02940D0121234367
:2017C00089074C42920200271B198C105D1A04D42D1B02D42B466500491992185B41640809
:2017E000F4D15C1A08D40125ED07EE175519744102D42A462346491C94185B410122920778
:201800001D46E61B8D4106D4B61A854103D42B46550034467F1924195B415208802AEFD1DA
:20182000234300D0022338460A22D04001D3012213438A0510436246890A12058918002B46
:2018400009D00122D34002D30022401C5141002B01D140084000F0BD0B03134307D0C90F4F
:20186000C907F0BD0803104303D1002901DB1046F0BD00202946F0BD0000F07F0000F87F8F
:2018800010B5FF231B0644009C421DD84C009C421AD80346124A0B4307D4401A02D3EFF32E
:2018A000008010BDEFF3008010BD081A03D3EFF30080904305E0EFF3008001219043C90773
:2018C000084380F3008810BD0D231B041A4204D01146002000F031F810BD00F04FF810BD15
:2018E0000000009000487047580020207546FFF7F9FFAE46050069465346C008C000854684
:2019000018B020B5FEF756FC60BCB64600260027C0C5C0C5C0C5C0C5C0C5C0C5C0C5C0C556
:20192000403D490849008D46704710B50446C046C0462046FEF730FC10BDC80212D548039B
:20194000400F002804D0C803C043012188407047EFF300800001000903210907084380F36F
:20196000008870470020704710B500200249029A00F00CF810BD00000000F87F10B502483E
:2019800000F004F810BD00000000C07F10B50C461107090F092904D00A290AD008290CD1E7
:2019A00004E011460820FFF7C8FF06E0510606D501E0510601D50120C007214610BDD106EE
:2019C00007D501010909CC084907000E0006044309E0410F20024907000A0143200E00066B
:2019E0001D22D14101430846E7E7811E091F00BFFCD27047F0B585B001221402344B196818
:201A00000494A1431960950362490E682E4208D10E682E4205D10E682E4202D10E682E4274
:201A2000F3D0457E15409E69964375199D612025455D03263540DF69B7437D19DD61254D52
:201A40002E6805272F60476A3C681C627C685C62072434402C60C4697F252D02DE69AE435D
:201A60006406640C3419DC6150C805680095476885680195C568029503929A69164D1540A2
:201A80002207120B3403A4B2A2183A43009C2407240D1443019A1443029A1443007C204329
:201AA0000E4A0240501998611868049A10431860039840020A68024208D10A68024205D149
:201AC0000A68024202D10A680242F3D005B0F0BD08010B40001340408D00F0FF72FF0F00BF
:201AE000F0B5184B1D46083D2E680124A6432E600326360330401F68B74338181860186869
:201B0000FF26B043C9B2401818602868204328601868002A11D021070843186020021D49E9
:201B20000A68024208D10A68024205D10A68024202D10A680242F3D0F0BD21078843186070
:201B4000F0BDC04610010B4010B51149886001225305104804681C4208D104681C4205D159
:201B600004681C4202D104681C42F3D012040B6813430B600168C90608D40168C90605D4CC
:201B80000168C90602D40168C906F3D510BDC04604010B4004020B40F0B582B07B4E844A55
:201BA0008518894A821801923B4A83180A794C793A4F012C26D1202A04D00524E401002A1D
:201BC00003D003E0364C002A00D188249E683E4026439E60DE683E402643DE60AC686D4E01
:201BE0003440AC60EC683440EC600024019EB460F4608F24E4439E6926409E61DE69264033
:201C0000DE61624E80198E790C68202A009208D0191D002A15D1641E44601A683A408824F9
:201C200015E0611E4160196839401D4A11431960596839401143596001214C07194F0146F6
:201C400007E0620842601A683A400524E40122431A600A683A4022430A6029684D4A114074
:201C600029606968114069600021019A116051608F21C9431A690A401A615A690A405A6146
:201C800000990E43BD2131400268074B1340C918891C016002B0F0BD7018000024493E0083
:201CA00001040000FFFFFFCF4000FFCF70B5374A82184B6853603E4BC3180878222857D842
:201CC000840001A52C59A746671D0000711D0000671D0000711D0000711D0000711D000028
:201CE000711D0000711D0000711D0000711D0000711D0000711D0000711D0000711D000074
:201D0000711D0000711D0000551D0000711D0000551D0000711D0000711D0000711D00008B
:201D2000711D0000711D0000711D0000711D0000711D0000711D0000711D0000711D000033
:201D4000711D0000711D0000551D0000711D0000551D0000032424071568A54301246407AE
:201D60002C19146004E0032424071568A54315600C69D460CC68064D25401C68054E2640C8
:201D800074191C60097A0143116070BD04180000777702008888FDFF10B507239B041940D6
:201DA00092008018024A84589C436118815010BD3018000010B5029CA400001911431943C3
:201DC000014A815010BDC0465018000092008018014A81507047C0461018000010B5012299
:201DE000120383180C789C604B7883508978014A815010BD0C110000B0B51122120283588F
:201E00000124A34383508B780C881C438B882343094C1C408358094D1D402B1983508B791B
:201E2000CC791C43097A21437E231940801842689A4351184160B0BD18670000E798FDFF8D
:201E400010B50122120383180C789C604978815010BD0808F0B583B0012600960025092117
:201E600021A208242846234602F05EFD0096122120A22846234602F057FD009620A22846E1
:201E80002946234602F050FD01F032FF374604F0A5FC054600940196FAB23C201221022321
:201EA00002F0BCF8009401962A20002103232A4602F0B4F801F01CFFC82003F0E7FD7F1C4C
:201EC000002DE4D1012000903C200A210EA2082302F02AFD01F00CFF7D20C00003F0D6FDD5
:201EE00000F026FF03B0F0BD444D5020696E672E2E2E0000417474656D7074733A00000018
:201F00004572726F723A00004F4B21004849896801604849896841607047C046B9480221DB
:201F200001600160B848016001607047B0B5404A1168404B186800241460516058609568F5
:201F40006D189560CD0F15731C609A6812189A60C20F1A7349194910034B19608018401039
:201F600002490860B0BDC046B8002020BC002020F0B52C480168491C01602B48006881079C
:201F800036D501267405B5050021CA43274B103B1F68B9020DD42F42244F18D0C849096880
:201FA0002142144600D00124214909680E192C4608E0C3490968294200D016461C49096829
:201FC0008E191A4F1A490E60396821433960196889040DD501246303B8490968002900DA92
:201FE000224614490C68A2180A60396819433960C00705D01048014610390968002900D4FC
:20200000F0BDAF490A68012192040A4601D50022D243084B1C68A2181A60C90702680A4302
:202020000260F0BDC80520203011404048300A409C062020AC06202048100A4001480068DA
:202040007047C04634072020F0B597B008A83C21FEF786FA5C4E3078002800D1ABE0EFF322
:20206000108072B659490A78594F3888242A03D100281CD0002020E0002809D00123184643
:20208000CA5C242A06D0431C3C88A042F7D302E0002001E0242209183B88984207D2232A1A
:2020A0000BD13A88904200DB87E0002236E000203880307062B617B0F0BD00223B881B1A18
:2020C0009A4225DA8B185D78541C232D18D03D882D1AAC4216DA9C78232C15D0941C3D885E
:2020E0002D1AAC420CDADD78D41C232D08D03D882D1AAC420ADA1B79121D232BDED107E0D3
:20210000224605E0012302E0022300E003231A433B88181A824250DA3A2A43D8541C08A862
:202120002246FEF71FFA002606550178242939D14078442836D108A82649FEF791F90028E7
:202140001BD00546234C78212846FEF791F900280AD03A212846FEF78BF9002804D040785C
:2021600030381D498855761C00202146FEF778F9002802D00546082EE5DB1748017807918A
:2021800043788178C478057946798279C079009101940295039604920590104810A1079AB3
:2021A000FEF724F800200849087038800748C821FEF7D6F962B617B0F0BD0020388030706D
:2021C00062B617B0F0BDC04690012020C8002020920120209BAD0000C000202038072020FA
:2021E00025642564256425642564256425642564000000000120C00302490860024908604D
:202200007047C04680E200E000E100E00248016801220A4302607047041886400120C005FA
:2022200027490968014048424841704701200005234909680140484248417047F0B581B0CE
:202240006946002008700125AE041B4C21781B4F00290BD03968314223D119490A68120201
:202260001FD50968C9021CD520701AE03968314206D113490A68120202D50968C902E9D416
:202280000A2003F003FC25703868304207D10C480168090209D468460221017001E068462D
:2022A00005706846007801B0F0BD0068C002F8D4684603210170F4E79401202080130A405F
:2022C00080330A40F0B595B00DAF802038700CAA0492002111700BAA059211700A46079170
:2022E0000AA90691087009A8012505705648812101605648056008A90A7005640A2003F07B
:20230000C5FB68266B24304621462A463B4600F0D3F9642003F0BAFB304621462A46049B3E
:2023200000F0CAF90EAB182018701B2130462A4600F0C2F90FAB079818701C2130462A46A0
:2023400000F0BAF910AB132004901870192130462A4600F0B1F911AB0420039018701A21E0
:2023600030462A4600F0A8F9382130462A46059C234600F0A1F96A2130462A46234600F049
:202380009BF9232130462A46234600F095F9372130462A46069B00F08FF97524204600F052
:2023A00001FA069012AF07983880304621462A463B4600F05DF801462548FDF709FF3C78FD
:2023C00024482146FDF704FF682C24D1274868242146FDF7FDFE6B21012509AB20462A461D
:2023E00000F06AF96C2108AB20462A4600F064F913AB04981870192120462A4600F05CF9F0
:2024000014AB039818701A2120462A4600F054F9079815B0F0BD1048FDF7DAFE009500249E
:202420000EA2082620462146334602F07DFA00960195482002232146069A01F0EFFD01F081
:2024400057FC284615B0F0BD0480424090120A40A5AD00009DAD0000C0AD00004D50553626
:20246000303530206572723A00000000AEAD0000F0B589B00493039205910690EE498120BB
:2024800008900860ED4E0127376037640225356037600524204603F0DBFB3761204603F00B
:2024A000D7FB0795356106984400E34DE0B200F0C7F900F08DF80028394605D008982860AB
:2024C00037603764079F0EE00297059800F0B8F900F07EF808992960012535603564002853
:2024E000079F39460FD03761012535613760052420460F4603F0ACFB3560204603F0A8FBDE
:20250000384609B0F0BD02200690306035600520059003F09DFB3561059803F099FB06985D
:2025200030612C43E0B200F08BF900F051F8002804D00321029FC14EBF4DBFE72E46002046
:202540000399022901900546BB4C25D34F1E03970596049D069C059E02F04AFC2870B64883
:2025600008990160B54806600664046106610524204603F06DFB0698B04908602046069CCF
:2025800003F066FBAD48046106607F1E6D1C002FE2D1A94C059E039D02F02AFC0499485595
:2025A00008982060A54D2E602E64069F2F612E600524204603F04CFB2F60204603F048FB32
:2025C0002F612E602E46F14D029F019976E7C046F0B581B0EE4E0225356101243460EB49D1
:2025E000334808603560334F3868C00755D0052003F02EFBE5493868C0074ED0052003F049
:2026000027FBE2493868C00747D0052003F020FBDE493868C00740D0052003F019FBDB49CE
:202620003868C00739D0052003F012FBD7493868C00732D0052003F00BFBD4493868C007DA
:202640002BD0052003F004FBD0493868C00724D0052003F0FDFACD493868C0071DD0052056
:2026600003F0F6FAC9493868C00716D0052003F0EFFAC6493868C0070FD181200860346024
:2026800034643561346135600525284603F0E0FA3460284603F0DCFA06E03561812008602D
:2026A0000120306030640024204601B0F0BDC0468100040080130A40F0B585B00093049282
:2026C00001910390B148812102910160B04D01242C602C6402272F602C600526304603F030
:2026E000B7FA2C61304603F0B3FA2F6103984006000E00F0A5F8FFF76BFF002810D0A34827
:20270000029901602C602C642F612C612F600526304603F09DFA2C60304603F099FA3EE024
:202720009A4C009E019800F08BF8FFF751FF002811D00298206001242C602C642F612C6142
:202740002F600526304603F083FA2C60304603F07FFA3C4623E00498002827460BD00024B6
:20276000305D00F06DF8FFF733FF002816D1641C0498A042F4D10298386001262E602E6404
:20278000022028612E6128600524204603F060FA2E60204603F05CFA002400E0E41CE0B2C8
:2027A00005B0F0BDF0B583B001907848812102910160774E01273760376402253560376086
:2027C0000524204603F044FA3761204603F040FA3561D02000F034F8FFF7FAFE019800F0F5
:2027E0002FF8FFF7F5FE0298684908603760376435603760204603F02BFA3761204603F049
:2028000027FA3561D12000F01BF8FFF7E1FE02F0EFFA019002985D4908603760376435615C
:2028200037613560204603F013FA3760204603F00FFA019803B0F0BD0480424090120A4021
:20284000F0B581B0514A81211160514F01243C603C6402253D61009040B2103700283846BF
:2028600000DA4B480460204603F0F2F9484805600526304603F0ECF945480561304603F079
:20288000E7F900984006384600D541480460204603F0DEF93E480560304603F0D9F93C4860
:2028A0000561304603F0D4F900988006384600D537480460204603F0CBF9354805603046B3
:2028C00003F0C6F932480561304603F0C1F90098C006384600D52E480460204603F0B8F9AE
:2028E0002B480560304603F0B3F929480561304603F0AEF900980007384600D52448046042
:20290000204603F0A5F922480560304603F0A0F91F480561304603F09BF9009840073846C8
:2029200000D51B480460204603F092F918480560304603F08DF916480561304603F088F9B5
:2029400000988007384600D511480460204603F07FF90F480560304603F07AF90C48056125
:20296000304603F075F90098C00700D0084F3C60204603F06DF9064C2560304603F068F9FE
:202980002561304603F064F901B0F0BD0480424090120A40F0B581B0014311433FD00446D4
:2029A0001046FEF76BFD5A49FEF76EFC574905F0F5FC05462046FEF761FD0646294605F028
:2029C00045FDFEF711FD04461C4F38602846314605F04AFCFEF708FD194B18607D21C90008
:2029E000184A88420D4602DC9042154601DA1D6028468C4202DC9442114601DA39600C46E8
:202A0000664901220A7000B2FEF738FD0146C54800F041F920B2FEF731FD044607E05F4843
:202A200001210170BF480024214600F034F9BD483C30214600F02FF901B0F0BDA807202017
:202A4000A407202018FCFFFFF0B583B002902A4C2046FFF75BFA294801680CCC0260446828
:202A60004360501A26491F1B81C132267043FEF705FD244905F092FC234C2146FEF704FCA1
:202A800005467E433046FEF7F9FC1E4905F086FC2146FEF7F9FB00902946019505F0D6FC40
:202AA0003F210E06314605F079FC0746FEF79CFC029C60802846009D294605F0D5FB3146B3
:202AC00005F06CFCFEF790FC208010493846FEF7DBFB0F4905F062FCFEF786FCA080914CB7
:202AE0002046019900F0D5F83C342046294600F0D0F803B0F0BDC046B8052020B0052020C4
:202B0000C00520206A7C5243004092440A171D4300007A44B0B50F48FFF796FF1F480078BA
:202B2000002811D07F4C204600F03CF8FEF75CFC05463C34204600F035F8FEF755FC01461F
:202B4000284602F0FDF8B0BD0020014602F0F8F8B0BDC0463A042020F0B581B004460F4901
:202B6000012008706F4D00262846314600F093F82F463C373846314600F08DF80848067062
:202B800006480670284600F07AF8384600F077F8204600F085F801B0F0BDC046CC0520207C
:202BA000CD052020F0B583B004463020205C00284AD0A06AE16A05F049FC0646616805F03A
:202BC000EDFB00902061276A3046394605F03EFC0146206805F0E2FB0546E0603846019705
:202BE000394605F041FB01460296304605F02EFC616A05F039FB0146A06805F0CFFB064663
:202C000060612846009905F02FFB314605F02CFB0146A06905F028FB0746A061656B294645
:202C200004F096FF002801D1A5612F46A56B3846294604F077FF002801D1A5612F46029820
:202C400020620198606208E00027A761E76127626762A762E76218342776384603B0F0BDCD
:202C600010B504460EC000302421FDF779FC3020012121540398A0630298606310BD0021C9
:202C80008161C161016241628162C162183001767047C162704730220123835481627047ED
:202CA000B0B50022012801D0144600E00A4C0B4D28462146FFF78AF8012228462146FFF770
:202CC00085F8022228462146FFF780F8032228462146FFF77BF8B0BD520300000000864025
:202CE000F0B583B00D4801900D4800903F2004060C4D0D4E0D4F284631463A462346FFF7F4
:202D0000AFFF07480090054801903C35284631463A462346FFF7A4FF03B0F0BD00C041C44B
:202D200000C04144BC062020CDCC4C3F8FC2753D10B5CA4802467C32802300211170141FE0
:202D400021701446083C217014460C3C21701446103C21701446143C21701446183C2170CF
:202D600014461C3C21701446203C21701446243C21701446283C217014462C3C2170144682
:202D8000303C21701446343C21701446383C217014463C3C21701446403C21701446443CD8
:202DA00021701446483C217014464C3C21701446503C21701446543C21701446583C21702F
:202DC00014465C3C21701446603C21701446643C21701446683C217014466C3C21701446E2
:202DE000703C21701446743C21701446783C217014467C3C2170203B8032002B9DD10246CB
:202E00007D3280231170141F21701446083C217014460C3C21701446103C21701446143CD8
:202E200021701446183C217014461C3C21701446203C21701446243C21701446283C21709E
:202E400014462C3C21701446303C21701446343C21701446383C217014463C3C2170144651
:202E6000403C21701446443C21701446483C217014464C3C21701446503C21701446543C97
:202E800021701446583C217014465C3C21701446603C21701446643C21701446683C2170FE
:202EA00014466C3C21701446703C21701446743C21701446783C217014467C3C2170203BB0
:202EC0008032002B9ED102467E3280231170141F21701446083C217014460C3C217014460A
:202EE000103C21701446143C21701446183C217014461C3C21701446203C21701446243C37
:202F000021701446283C217014462C3C21701446303C21701446343C21701446383C21706D
:202F200014463C3C21701446403C21701446443C21701446483C217014464C3C2170144620
:202F4000503C21701446543C21701446583C217014465C3C21701446603C21701446643C56
:202F600021701446683C217014466C3C21701446703C21701446743C21701446783C2170CD
:202F800014467C3C2170203B8032002B9ED17F3080220170031F19700346083B197003461C
:202FA0000C3B19700346103B19700346143B19700346183B197003461C3B19700346203B11
:202FC00019700346243B19700346283B197003462C3B19700346303B19700346343B19704B
:202FE0000346383B197003463C3B19700346403B19700346443B19700346483B1970034607
:203000004C3B19700346503B19700346543B19700346583B197003465C3B19700346603B30
:2030200019700346643B19700346683B197003466C3B19700346703B19700346743B1970AA
:203040000346783B197003467C3B1970203A8030002A9ED100F04CFE10BDC04695012020DC
:20306000F0B59DB00646481EC0B2032800D990E21F46002A00D198E1024A10467C308023FA
:2030800002E0C0469501202000240470051F2C700546083D2C7005460C3D2C700546103D26
:2030A0002C700546143D2C700546183D2C7005461C3D2C700546203D2C700546243D2C7034
:2030C0000546283D2C7005462C3D2C700546303D2C700546343D2C700546383D2C70054601
:2030E0003C3D2C700546403D2C700546443D2C700546483D2C7005464C3D2C700546503D3B
:203100002C700546543D2C700546583D2C7005465C3D2C700546603D2C700546643D2C7093
:203120000546683D2C7005466C3D2C700546703D2C700546743D2C700546783D2C70054660
:203140007C3D2C70203B8030002B9DD110467D3080230470051F2C700546083D2C70054625
:203160000C3D2C700546103D2C700546143D2C700546183D2C7005461C3D2C700546203DDA
:203180002C700546243D2C700546283D2C7005462C3D2C700546303D2C700546343D2C7003
:2031A0000546383D2C7005463C3D2C700546403D2C700546443D2C700546483D2C700546D0
:2031C0004C3D2C700546503D2C700546543D2C700546583D2C7005465C3D2C700546603DFA
:2031E0002C700546643D2C700546683D2C7005466C3D2C700546703D2C700546743D2C7063
:203200000546783D2C7005467C3D2C70203B8030002B9ED110467E3080230470051F2C70F2
:203220000546083D2C7005460C3D2C700546103D2C700546143D2C700546183D2C7005463F
:203240001C3D2C700546203D2C700546243D2C700546283D2C7005462C3D2C700546303D99
:203260002C700546343D2C700546383D2C7005463C3D2C700546403D2C700546443D2C70D2
:203280000546483D2C7005464C3D2C700546503D2C700546543D2C700546583D2C7005469F
:2032A0005C3D2C700546603D2C700546643D2C700546683D2C7005466C3D2C700546703DB9
:2032C0002C700546743D2C700546783D2C7005467C3D2C70203B8030002B9ED10D467F32D5
:2032E00080201470111F0C70114608390C7011460C390C70114610390C70114614390C7096
:20330000114618390C7011461C390C70114620390C70114624390C70114628390C7011467A
:203320002C390C70114630390C70114634390C70114638390C7011463C390C7011464039D4
:203340000C70114644390C70114648390C7011464C390C70114650390C70114654390C7039
:20336000114658390C7011465C390C70114660390C70114664390C70114668390C701146DA
:203380006C390C70114670390C70114674390C70114678390C7011467C390C7020388032FA
:2033A00000289ED100F0A4FC2946019730780246203AD2B25E2A00D9E6E0C9004A1ED2B235
:2033C000D3088A1ED2B2D708CA1ED2B2D2081A920A1FD2B2D20817924A1FD2B2D208169276
:2033E0008A1FD2B2D2081592CA1FD2B2D20814920839C9B2C9081391002102910D461C934B
:203400001B9704962038C0B206214143624840181890029C03952A4619921898075D0125B6
:2034200039462940D0B28000924A1018139BC25CFE26129632405118C154022211923946D0
:203440001140149BC25CFD26109632405118C15404220F9239461140159BC25CFB260E966B
:2034600032405118C15408220D9239461140169BC25CF7260C9632405118C15410220B9276
:2034800039461140179A835CEF260A9633405918815420220992394611401A9A865CDF221A
:2034A0000892164071181A9A815440223E4616401B99415CBF230793194089191B9E815577
:2034C000802106910F401C99415C7F2305931940C9191C9E815518980019407801462940DD
:2034E000199E3543EDB2AD00624E7519139FEE5D129B1E407118E955119F0740149BE95C59
:20350000109E3140C919E9540F9F0740159BE95C0E9E3140C919E9540D9B0340169EA95DA2
:203520000C9F3940C918A9550B9B0340179EA95D0A9F3940C918A955099B03401A9FE95DFD
:20354000089E3140C9181C9BE95502401B9FE95D079E31408918199AE95506990840E95C68
:20356000059E31400818E854A41C921C062C00D052E70498461C039DAD1D40780246203A70
:20358000D2B25F2A00D23CE70198002801D000F0AFFB1DB0F0BDC0460E87000070B5C825D6
:2035A000284602F073FAAE200024214601F05AFB2046214601F056FB1020214601F052FBBB
:2035C0002046214601F04EFBB020214601F04AFB8120214601F046FBFF20214601F042FB89
:2035E000A120214601F03EFBA620214601F03AFBA820214601F036FB1F263046214601F0C2
:2036000031FB2846214601F02DFBD320214601F029FB2046214601F025FBD520214601F0F6
:2036200021FB80252846214601F01CFBD920214601F018FB3046214601F014FBDA2021464A
:2036400001F010FB2046214601F00CFBDB20214601F008FB4020214601F004FB8D20214688
:2036600001F000FB1420214601F0FCFA014E30467C3001E0950120200470011F0C7001465D
:2036800008390C7001460C390C70014610390C70014614390C70014618390C7001461C3999
:2036A0000C70014620390C70014624390C70014628390C7001462C390C70014630390C70DA
:2036C000014634390C70014638390C7001463C390C70014640390C70014644390C7001468B
:2036E00048390C7001464C390C70014650390C70014654390C70014658390C7001465C39B9
:203700000C70014660390C70014664390C70014668390C7001466C390C70014670390C7039
:20372000014674390C70014678390C7001467C390C70203D8030002D9ED130467D308021C0
:203740000470021F14700246083A147002460C3A14700246103A14700246143A14700246B8
:20376000183A147002461C3A14700246203A14700246243A14700246283A147002462C3A25
:2037800014700246303A14700246343A14700246383A147002463C3A14700246403A14706F
:2037A0000246443A14700246483A147002464C3A14700246503A14700246543A1470024627
:2037C000583A147002465C3A14700246603A14700246643A14700246683A147002466C3A45
:2037E00014700246703A14700246743A14700246783A147002467C3A147020398030002923
:203800009ED130467E3080210470021F14700246083A147002460C3A14700246103A147025
:203820000246143A14700246183A147002461C3A14700246203A14700246243A1470024696
:20384000283A147002462C3A14700246303A14700246343A14700246383A147002463C3AE4
:2038600014700246403A14700246443A14700246483A147002464C3A14700246503A14703E
:203880000246543A14700246583A147002465C3A14700246603A14700246643A14700246F6
:2038A000683A147002466C3A14700246703A14700246743A14700246783A147002467C3A04
:2038C00014702039803000299ED130467F3080210470021F14700246083A147002460C3A48
:2038E00014700246103A14700246143A14700246183A147002461C3A14700246203A1470AE
:203900000246243A14700246283A147002462C3A14700246303A14700246343A1470024665
:20392000383A147002463C3A14700246403A14700246443A14700246483A147002464C3AA3
:2039400014700246503A14700246543A14700246583A147002465C3A14700246603A14700D
:203960000246643A14700246683A147002466C3A14700246703A14700246743A14700246C5
:20398000783A147002467C3A14702039803000299ED100F0ADF9AF200024214601F062F992
:2039A00030467C3080210470021F14700246083A147002460C3A14700246103A14700246AD
:2039C000143A14700246183A147002461C3A14700246203A14700246243A14700246283ADB
:2039E000147002462C3A14700246303A14700246343A14700246383A147002463C3A147021
:203A00000246403A14700246443A14700246483A147002464C3A14700246503A14700246D8
:203A2000543A14700246583A147002465C3A14700246603A14700246643A14700246683AFA
:203A4000147002466C3A14700246703A14700246743A14700246783A147002467C3A147080
:203A60002039803000299ED130467D3080210470021F14700246083A147002460C3A1470A8
:203A80000246103A14700246143A14700246183A147002461C3A14700246203A1470024648
:203AA000243A14700246283A147002462C3A14700246303A14700246343A14700246383A9A
:203AC000147002463C3A14700246403A14700246443A14700246483A147002464C3A1470F0
:203AE0000246503A14700246543A14700246583A147002465C3A14700246603A14700246A8
:203B0000643A14700246683A147002466C3A14700246703A14700246743A14700246783AB9
:203B2000147002467C3A14702039803000299ED130467E3080210470021F14700246083A76
:203B4000147002460C3A14700246103A14700246143A14700246183A147002461C3A14705F
:203B60000246203A14700246243A14700246283A147002462C3A14700246303A1470024617
:203B8000343A14700246383A147002463C3A14700246403A14700246443A14700246483A59
:203BA000147002464C3A14700246503A14700246543A14700246583A147002465C3A1470BF
:203BC0000246603A14700246643A14700246683A147002466C3A14700246703A1470024677
:203BE000743A14700246783A147002467C3A14702039803000299ED17F3680203470311FA9
:203C00000C70314608390C7031460C390C70314610390C70314614390C70314618390C70FC
:203C200031461C390C70314620390C70314624390C70314628390C7031462C390C7031467D
:203C400030390C70314634390C70314638390C7031463C390C70314640390C7031464439F3
:203C60000C70314648390C7031464C390C70314650390C70314654390C70314658390C705C
:203C800031465C390C70314660390C70314664390C70314668390C7031466C390C703146DD
:203CA00070390C70314674390C70314678390C7031467C390C702038803600289ED100F05E
:203CC00017F800F015F805A001210A460B46FFF7C7F9C82001F0DAFE70BDC0464F4C4544B2
:203CE00020696E69742073756363657373210000F0B585B00120C103039180070490002127
:203D0000C54FB02002910843C0B20024214600F0A9FF2046214600F0A5FF1020214600F064
:203D2000A1FF049E30480660039D05600424204601F08EFF2C480661204601F089FF2A4826
:203D40000561204601F084FF782001F037FB26480660204601F07CFF23480560204601F09B
:203D600077FF21480561204601F072FF402001F025FB1D480660204601F06AFF1A48056073
:203D80000646204601F064FF3561204601F060FF80260197387801F011FB04981249086087
:203DA0000424204601F054FF039D0F480560204601F04EFF0C480561204601F049FF761E44
:203DC0003F1D002EE6D1049C074D2C6103982860042001F03DFF2C60019F7F1C0299491CE6
:203DE00004298ED105B0F0BD90120A40F0B58CB00B910590082B01D1062409E05907D8087F
:203E0000002900D0401C5C084443200600D1F8E011980390203AD1B22420009148437A4957
:203E20000918580802900020E2B20192059F0446049308E007460999491C641CE0B2019ABA
:203E4000904200D3DDE0082B0991089404D10621009A51436F4A0FE0182B00D1CFE0102BC7
:203E600007D00C2B00D0CCE00C21009A5143684A02E000990901654A511808180021069136
:203E8000405601230A90184045424541039844424441654007200B9A114601401E468E4088
:203EA0000797F9B289005C4F7F18D1B2CA08B95C002D01D1314300E0B143B95402210A9A69
:203EC00011404E424E4166400B99491CCAB201401D468D40D208B95C002E01D1294300E09B
:203EE000A943B95404210A9A11404E424E4166400B99891CCAB201401D468D40D208B95CC5
:203F0000002E01D1294300E0A943B95408210A9A11404E424E4166400B99C91CCAB2014033
:203F20001D468D40D208B95C002E01D1294300E0A943B95410210A9A11404E424E41664032
:203F40000B99091DCAB201401D468D40D208B95C002E01D1294300E0A943B95420210A9A91
:203F600011404E424E4166400B99491DCAB201401D468D40D208B95C002E01D1294300E0F9
:203F8000A943B95440210A9A11404E424E4166400B99891DCAB201401D468D40D208B95CE7
:203FA000002E01D1294300E0A943B9540A990029194600DA06994C400B99C91D08408340F7
:203FC000C8B2C008395C002C01D1194300E09943049B089C39540798401C082B00D129E715
:203FE000C1B2059A891A029A914202D10B9A08320B92029A9142059F00D01BE71BE7084619
:204000003CE70CB0F0BDC0469A930000AA8D0000368900000E87000095012020F0B58BB0A0
:2040200007AC07C4002B4DD01C46109841080690082800D1891C059111980490A01E029008
:204040000025E24E039416E00121099803F0E6FB0A21FCF7BDFA0498009030220A430598AA
:20406000454307982818C0B20899069BFFF7BEFEA7420A9D26D2681C0A90C7B2BC42E3D0A3
:20408000E84320180299491BC9B2032901D2012108E0FC2202400023012171431B1DDCB21B
:2040A0009442FAD103221040039CCED0012801D10A2005E0022802D07D20C00000E06420E6
:2040C0004143C2E70BB0F0BDF0B597B00492421FD2B292083F2A00D274E1142900D971E152
:2040E00003911D9A1C990F91C00001460839002A6BD000220F9C002C00D1D243CCB2E50829
:20410000B14C2E197C3680243270351F2A703546083D2A7035460C3D2A703546103D2A705B
:204120003546143D2A703546183D2A7035461C3D2A703546203D2A703546243D2A703546DE
:20414000283D2A7035462C3D2A703546303D2A703546343D2A703546383D2A7035463C3D5C
:204160002A703546403D2A703546443D2A703546483D2A7035464C3D2A703546503D2A70A3
:204180003546543D2A703546583D2A7035465C3D2A703546603D2A703546643D2A7035463E
:2041A000683D2A7035466C3D2A703546703D2A703546743D2A703546783D2A7035467C3D7C
:2041C0002A70203C8036002C9ED11E9A0092002B00D1F2E09A1E0192C9B2C9080E91411EEB
:2041E000C9B2C9080D91811EC9B2C9080C91C11EC9B2C9080B91011FC9B2C9080A91411F1F
:20420000C9B2C9080991811FC9B2C9080891C01FC0B2C00807900024029305E0029B0598AB
:204220009842069C00D3C8E0601C0690C0B20590834201D1012120E0E04318180199091BA4
:20424000C9B2032901D2012109E0FC220240002601215E4F7943361DF5B29542FAD1032207
:2042600010400AD0012801D10A2005E0022802D07D20C00000E064204143049803F0CEFA72
:204280000A21FCF7A5F9039824180620444310221292114311910025109006462B460BE0A5
:2042A0000D98215C194089182154761E149B5B1C169C641C002EB1D015960F994E424E4160
:2042C000109A11984243424882181493D35632465A400120139002401694E4B2A4003A4894
:2042E00004190E98275CFE213940891821540227194639404A424A4172402A4600D13A463F
:204300000798215CFD270F40B91821540427194639404A424A4172402A4600D13A4608989B
:20432000215CFB270F40B91821540827194639404A424A4172402A4600D13A460998215C9A
:20434000F7270F40B91821541946129801404A424A4172402A4600D1129A0A98215CEF2775
:204360000F40B91821542027194639404A424A4172402A4600D13A460B98215CDF270F408A
:20438000B91821544027194639404A424A4172402A4600D13A460C98215CBF270F40B918E7
:2043A0002154002B139800DA28467F2346402A46159E00D074E7DA4372E70098002801D0ED
:2043C000FFF796FC17B0F0BD95012020102700000E870000F0B599B00692421FD2B292083A
:2043E0003F2A00D298E2142900D995E2049105931F9B1E991391C1000A46083A002B6BD080
:204400000020139B002B00D1C043D3B2DB08F84C1B197C33802418701D1F28701D46083D98
:2044200028701D460C3D28701D46103D28701D46143D28701D46183D28701D461C3D287068
:204440001D46203D28701D46243D28701D46283D28701D462C3D28701D46303D28701D4619
:20446000343D28701D46383D28701D463C3D28701D46403D28701D46443D28701D46483D73
:2044800028701D464C3D28701D46503D28701D46543D28701D46583D28701D465C3D2870C8
:2044A0001D46603D28701D46643D28701D46683D28701D466C3D28701D46703D28701D4679
:2044C000743D28701D46783D28701D467C3D2870203C8033002C9ED106200A9003460498E0
:2044E0004343D2B2D00812904A1ED2B2D00811908A1ED2B2D0081090CA1ED2B2D0080F904C
:204500000A1FD2B2D0080E904A1FD2B2D0080D908A1FD2B2D0080C90C91FC9B2C8080B90A7
:204520000698002800D587E0002418940AE0119BE85C10404018E854641C179B5B1C062C10
:2045400000D104E1139846424641F5480257314651400120169001401793DBB29B00EF483C
:20456000C518129FEB5DFE2018404018E855022310461840414241417140189900D11946F0
:204580000B9FE85DFD2303405818E855042310461840414241417140189900D119460C9F05
:2045A000E85DFB2303405818E855082310461840414241417140189900D119460D9FE85D47
:2045C000F72303405818E855102310461840414241417140189900D119460E9FE85DEF2355
:2045E00003405818E855202310461840414241417140189900D119460F9FE85DDF2303400B
:204600005818E855402310461840414241417140189900D11946109FE85DBF2303405818BC
:20462000E855002A169800DA18987F224640189900D07CE7D1437AE74E210AE01198215CDC
:204640001940891821541899491C179B5B1C54297AD01398454245411891B14847562A467E
:204660007A400120169002401793DBB29B00AB48C4181298235CFE261E40B21822540223C6
:204680003A461A405642564100226E40164600D11E460B98235CFD211940891921540423D9
:2046A000394619404E424E416E40164600D11E460C98215CFB230B40991921540823394669
:2046C00019404E424E416E40164600D11E460D98215CF7230B40991921541023394619406A
:2046E0004E424E416E40164600D11E460E98215CEF230B40991921542023394619404E420A
:204700004E416E40164600D11E460F98215CDF230B40991921544023394619404E424E41D9
:204720006E40164600D11E461098215CBF230B4099192154002F169800DA10467F2345408D
:2047400000D07BE7DA4379E706984042069020980190059A002A00D1D9E0901E02900120F7
:204760000025704E0390074609E0089D6D1C079F7F1CF8B2059A82426A4E00D2C7E0F8B236
:20478000824203991FD0E84310180299491BC9B2032901D2012108E0FC220240002301214F
:2047A00071431B1DDCB29442FAD1032210400AD0012801D10A2005E0022802D07D20C0002C
:2047C00000E0642041430895069803F027F80A21FBF7FEFE049807973B180A9843431022A4
:2047E0001492114309910024054622460EE0C0469501202011983B5C0B40991839546D1E30
:20480000169A521C189B5B1C002DAED0179513994D424D410A9909984143414841181692DE
:2048200089562A464A400120159002401893DBB29B003A48C71812983B5CFE261E40B218D6
:204840003A5402220B4613405E425E416E40234600D113460B983A5CFD261640F2183A5438
:2048600004220B4613405E425E416E40234600D113460C983A5CFB261640F2183A5408227B
:204880000B4613405E425E416E40234600D113460D983A5CF7261640F2183A540A461498B2
:2048A0000240534253416B40224600D1149A0E983B5CEF261E40B2183A5420220B4613400D
:2048C0005E425E416E40234600D113460F983A5CDF261640F2183A5440220B4613405E4282
:2048E0005E416E40234600D1134610983A5CBF261640F2183A540029159800DA20467F2111
:2049000045402246179D00D074E7CA4372E70198002801D0FFF7ECF919B0F0BD95012020AC
:204920000E87000010270000F0B583B00646177838462038C0B25E281CD8082B01D05D08CD
:2049400000E0062508980190541C029501980090F0B2FAB20D461F46FFF748FA3B462946BD
:20496000029D7619601C27783A46203AD2B25F2A0446EBD303B0F0BDF0B583B00D46411F14
:20498000C9B289083F291BD31E4614460290089F2846FBF7A5FD00960197FE2101401529F0
:2049A00007D8C0B21521081A81B2C90B4018411000E000210298C9B22A46234600F002F8C5
:2049C00003B0F0BDF0B591B00C93431FDBB29B083F2B00D23FE1142900D93CE1169BC6005A
:2049E00030460838002B6BD000270C9B002B00D1FF43C3B2DB08994C1B197C3380241F703C
:204A00001D1F2F701D46083D2F701D460C3D2F701D46103D2F701D46143D2F701D46183DCF
:204A20002F701D461C3D2F701D46203D2F701D46243D2F701D46283D2F701D462C3D2F70E8
:204A40001D46303D2F701D46343D2F701D46383D2F701D463C3D2F701D46403D2F701D46A0
:204A6000443D2F701D46483D2F701D464C3D2F701D46503D2F701D46543D2F701D46583DEA
:204A80002F701D465C3D2F701D46603D2F701D46643D2F701D46683D2F701D466C3D2F7048
:204AA0001D46703D2F701D46743D2F701D46783D2F701D467C3D2F70203C8033002C9ED178
:204AC000179B01931478002C00D1BFE0142900D9BCE0C0B2C0080B90701EC0B2C0080A907F
:204AE000B01EC0B2C0080990F01EC0B2C0080890301FC0B2C0080790701FC0B2C0080690B6
:204B0000B01FC0B2C0080590F01FC0B2C008049003920620034602914B43203CE1B2414382
:204B20004F4840180D900025109509E00A9BFA5C0A401018F8546D1C0F9B5B1C062D79D057
:204B40000C99484248410D99495702464A4001240E9422400F93DEB2B600404B9F190B9C8A
:204B60003E5DFE2333409A183A5502220B4613405E425E414640109E00D11646049C3A5D26
:204B8000FD2313409A193A5504220B4613405E425E414640109E00D11646059C3A5DFB23A0
:204BA00013409A193A5508220B4613405E425E414640109E00D11646069C3A5DF72313404C
:204BC0009A193A5510220B4613405E425E414640109E00D11646079C3A5DEF2313409A19CB
:204BE0003A5520220B4613405E425E414640109E00D11646089C3A5DDF2313409A193A55CE
:204C000040220B4613405E425E414640109E00D11646099C3A5DBF2313409A193A55002912
:204C20000E9A00DA109A7F215040109800D07DE7C8437BE7039A5478002C029906D0481C65
:204C4000521CCBB2142B014600D261E70198002801D0FFF74DF811B0F0BDC04695012020B2
:204C60000E870000F0B583B00191029001208607234D2E60C7032F600424204600F0E8FF39
:204C80002E61204600F0E4FF2F61204600F0E0FF782000F093FB2E60204600F0D9FF2F6026
:204CA000204600F0D5FF2F61204600F0D1FF0199481E8141880100F081FB2E60204600F079
:204CC000C7FF2F60204600F0C3FF2F61204600F0BFFF029800F072FB2E60204600F0B8FF31
:204CE0002F60204600F0B4FF2F61204600F0B0FF2E612F60204600F0ABFF2E6003B0F0BD7B
:204D000090120A40022817D80CD10C480021016381608161C16101624162016441648164FE
:204D2000C16470472821414304484018002181608161C161016241627047C0464C072020CA
:204D4000F0B581B00C46274A9042014600DC1146254A914200DB1146002803DC4B39C00BA4
:204D6000014000E04B310EB2F01731464140091A03250227002E2A4600DC3A461B48FDF712
:204D800025F8002E00DC2F460026184831463A46FDF71CF813498C42204600DC08461249DD
:204DA000884200DB0846002C03DC4B38E10B084000E04B3005B2E81729464140091A0124F5
:204DC000012D224600DB32460848FCF7FFFF002D00DC3446054831462246FCF7F7FF01B060
:204DE000F0BDC046AEFCFFFF5203000000008640F0B587B084484C4901604C4F02263E603E
:204E00000524204600F024FF3D46103D2E60204600F01EFF464800680690204600F018FF26
:204E20003E60204600F014FF2E60204600F010FF3F4800680590204600F00AFF3E60204691
:204E400000F006FF2E60204600F002FF384F38680490204600F0FCFE34480660204600F035
:204E6000F7FE2E60204600F0F3FE38680390204600F0EEFE2D480660204600F0E9FE2E604D
:204E8000204600F0E5FE38680290204600F0E0FE26480660204600F0DBFE2E60204600F08C
:204EA000D7FE3F68204600F0D3FE20480660204600F0CEFE2E60204600F0CAFE1C480068E7
:204EC0000190204600F0C4FE18480660204600F0BFFE2E60204600F0BBFE15480568204683
:204EE00000F0B6FE114806600120059A02400699C907890F51188900049AD207920F89189B
:204F0000039A024051188900029AD207920F8918074079188900019AD207920F89180540AD
:204F20006818C0B207B0F0BD81000400A0120A4080130A40034800210170034801700348D9
:204F400001707047AC072020390420209406202070B52D4A00205062906284201066012044
:204F600003022A490B608524146703030B60D461274B08251D60946304240C6082241465BE
:204F8000244C5465244C254DA5608125556425601561234E2663666356675661E660214EBB
:204FA000A663E662156055601A46303A1E4C14601A46403A1D4C14601D4A1A6082071D4B45
:204FC0001C6814431C60C2071B4B1C6A14431C621C6814431C600A46303A202313600B60BE
:204FE000800616490A6802430A60052080020A6902430A611248016A124A114301620168A0
:205000001143016070BDC04604804240D0320A40D0120A408200040094804240810001008C
:2050200081000C0081000E00020002000180004003800240A0130A4028100A4090330A403E
:2050400028300A400020600009480A490A68024082420BD00A680240824207D00A68024034
:20506000824203D00A6802408242EFD17047C046000B200004020B4070B51A480024046019
:205080000F200002184E3168814301256802081830600320C143321F13680B401360716852
:2050A000A9437160290272688A437260000364212A46FCF715FD0D48FCF79CFC30681021E9
:2050C000014320208143316028033168014331602046FCF739FDFF20000205490A68824329
:2050E0000A6070BD08030B4004010B4004AD000000E400E00548042101604F2141600021F9
:205100008160016805220A430260704710E000E010B50D4C0D492046FCF760FE0C49204602
:20512000FCF7C4FD0B48016802220A430260FF2000061B490A688243032080071018086032
:2051400005480121016010BD002086402CAD000030AD0000283086400831864010B50C4CDC
:205160000C492046FCF73AFE0B492046FCF79EFD0A480168012211430160FF2000020849FC
:205180000B688343D003181808600648026010BD0080864044AD000048AD00002890864044
:2051A00010E400E00891864010B5194C19492046FCF746FE18492046FCF71EFE0320C103D6
:2051C000164802688A4302600169154A0A401532026141692D220A4312218A434261426888
:2051E00001210A4043688B439A1842608A020D4B1C6814431C60FF2212060B4B1C68944351
:205200008A07A2181A6002680A43026010BDC046008010405CAD00005EAD00000091104018
:205220000000FFFF289010400CE400E080B500F021F8FFF78DFEFFF71FFF00F045F8FFF7A2
:2052400067FFFFF78BFFFFF7AFFFFFF753FFFFF7FBFEB820044900220A5404490A549C2081
:2052600003490A5480BDC04654042020D80520201005202070B50C480C4941600C4A5160C1
:205280000C4B59600C4C61600C4D69600C4E71600C4901601160196021602960316010202D
:2052A000FCF7A3FB70BDC04600080A40030000B100280A40000886400028864000888640A8
:2052C0000088104001000026F0B583B02E4C2F492046FCF783FD2E492046FCF75DFC0025DE
:2052E0000095204629462A462B46FCF763FD204629462A46FCF750FD7D20C600204631464B
:205300002A46FCF763FD01270097204629462A462B46FCF74FFD204629463A460297FCF735
:205320003BFD2046314634463A46FCF74FFD02260096154F384629462A462B46FCF73AFD05
:20534000384629463246FCF727FD384621463246FCF73CFD03260096384629462A462B46BB
:20536000FCF728FD384629463246FCF715FD384621463246FCF72AFD0648029981600F213A
:20538000016003B0F0BDC0460000864068AD00006CAD000000118640B0B5FCF74FFE04468C
:2053A000054D03CD611A083D814203D3A968E86888476C60B0BDC04644002020F0B583B0A7
:2053C000029040B23F4E374610370028384600DA30460124A107019101600425284600F0BB
:2053E00037FCE4033460284600F032FC346102984006384600D5304601990160284600F0DC
:2054000027FC3460284600F023FC346102988006384600D5304601990160284600F018FC6D
:205420003460284600F014FC34610298C006384600D5304601990160284600F009FC3460BA
:20544000284600F005FC346102980007384600D5304601990160284600F0FAFB346028469E
:2054600000F0F6FB346102984007384600D5304601990160284600F0EBFB3460284600F0DB
:20548000E7FB346102988007384600D5304601990160284600F0DCFB3460284600F0D8FBB6
:2054A00034610298C00700D0374601983860284600F0CEFB3460284600F0CAFB346103B052
:2054C000F0BDC04690120A40F0B585B078487949794C224601F09EF8784801780122012997
:2054E000049202D17648056801E0027025682068744902F053FF06467349284602F04EFFFA
:20550000314602F0B1FE06466D480660D4480078002800D1A2E06E49304602F00EFB074688
:205520006C49304602F0A0FE0446002F00D134466949204602F019FB0546684F20463946E7
:2055400002F092FE0146002D00D121465F48006802F07CFF04465E4902F0EFFA0646204623
:205560005C4902F081FE0546002E00D125462846594902F0FAFA06462846394602F074FECD
:205580000446002E00D12C4667480168039104600498C107204604918843514902F0E5FAAB
:2055A00006466B480068214602F05EFE0546002E00D135465D4806682846314602F0BDFA69
:2055C0000028374600D12F46049846403846314602F0CBFA002800D13E465D4806604E48F4
:2055E0000068314602F0DAFE05464D480068214602F0D4FE294602F037FE064620460399AB
:2056000002F024FF01464D48006802F0C7FE314602F02AFE0646474804683046214602F0D3
:205620008CFA0028254600D13546049844402846214602F09AFA002800D12C462948006846
:20564000214602F011FEFBF7CFFE404202B20021E348405EFDF79EF905B0F0BD00252827A2
:2056600013481449224600F0D5FF26680A2000F00DFA2846314602F0F7FD05467F1EEFD124
:205680002B492846FBF700FE10490860049C744804700868FBF7A8FE024600200094019012
:2056A000029403200B210423FEF794FE05B0F0BD9C072020A0072020BC072020CE05202015
:2056C000D0052020CDCC4C3ECDCC4C3FB4072020000034430000B4C3000034C30000B44397
:2056E00000002041040020200B480C4901600C480C4901601648002101600B4801600B480B
:205700000B4A02600B480C4A026055480170012080070A4908607047C80720208FC2F53C0E
:20572000C40720200000C040D4072020D807202000002042DC07202000009643CC072020B3
:2057400080B50348002101600220FFF7DBFA80BDD007202007480168C9B2022904D00129AA
:2057600007D10121054A00E0034A13685B1C1360816270472030864034072020B00720202C
:2057800010B50D4C2068C0B2012814D1FCF75CFCFCF7CCFBFDF7BEF908480178491C017094
:2057A000C9B20A2905D30021017001204004044908600120A06210BD20908640D405202038
:2057C000B0120A4001204104204A1160204A116002490A6802430A607047C0460498864016
:2057E0000F480068C0B20B2818D10E4800680E490A88C62A07D80A88531C0B800C4B985417
:205800000988591802E000220A80084900220A70C0B2232802D10548012101707047C046DE
:2058200020901040249110409201202090012020C80020200120C104044A1160044A116053
:2058400004490A6802430A607047C04680E200E000E100E004388640014800210170704786
:20586000C007202070470808F0B587B0059051480390514802905148019051480090514CA2
:20588000514E524F524D204631463A462B4600F0E3F821783078049001433A7811432B78CE
:2058A0001943474805782943444807783943424804782143CEB27142714101200690002E59
:2058C00004D13C480678002E069E0FD0E4B2FFB2EDB2DBB2D2B20498C0B266426641104399
:2058E0003D431D430543280600D00E46394D2878002801D000202EE0374C2078C0B24142D1
:2059000041413140354F3878012915D1401C387000210123009301910291C2B20220112187
:20592000FEF758FD3878032803D0042804D1FA2100E07D212A4A11600599814207DC06980E
:205940002870FCF77BFB27490860002038702670297801204840C007234E069800D1307877
:20596000C007224F0FD1FCF769FB1E490968401AB84208D9002028701849069808703070DC
:205980001B4901F071FE2878012811D1307800280ED0FCF753FB13490968401AB84207D9A8
:2059A000002434702C700120FDF7D6F80C48046007B0F0BD37042020360420203504202016
:2059C0003404202030042020310420203204202033042020390420209406202038042020A6
:2059E000080020202C042020AC072020570200000000344380B582B0FFF718FCFCF7FAFBD3
:205A0000FDF7CCFD7D20800000F040F8FCF786FAFDF766F9FCF7FAFBFFF70CFFFFF7D2FE0F
:205A2000FCF750FCFCF716FAFDF782F901220092022005A11346FEF79FFF064800F026F8F0
:205A4000FFF752FE02B080BD7761697420737461626C650050460000B0B50B4C257805705D
:205A600060780870A0781070E0781870207904990870607905990870A07906990870E07938
:205A800007990870B0BDC046C0002020F0B5002848D0032404406D497E4A034640D01568D7
:205AA000002303E0761BF3188B4214D22E461568B54208D11568B54205D11568B54202D13F
:205AC0001568B542F3D0AE42ECD8761B171F3F68F619761CE7E7012C03D1431E042844D25A
:205AE00020E01568002303E0761BF3188B4214D22E461568B54208D11568B54205D115684C
:205B0000B54202D11568B542F3D0AE42ECD8761B171F3F68F619761CE7E7022C03D1831E50
:205B2000042822D2F0BD1468002303E02D1BEB188B4214D225461468AC4208D11468AC4200
:205B400005D11468AC4202D11468AC42F3D0A542ECD82D1B161F3668AD196D1CE7E7C31E41
:205B6000042802D2DEE71B1FDCD01468002007E02D1B161F3668AD196D1C2818884210D2A1
:205B800025461468AC4208D11468AC4205D11468AC4202D11468AC42F3D0A542E8D92D1BBD
:205BA000EBE71468002003E02D1B2818884214D225461468AC4208D11468AC4205D11468F2
:205BC000AC4202D11468AC42F3D0A542ECD82D1B161F3668AD196D1CE7E71468002003E075
:205BE0002D1B2818884214D225461468AC4208D11468AC4205D11468AC4202D11468AC42D8
:205C0000F3D0A542ECD82D1B161F3668AD196D1CE7E71468002003E02D1B28188842A2D299
:205C200025461468AC4208D11468AC4205D11468AC4202D11468AC42F3D0A542ECD82D1B19
:205C4000161F3668AD196D1CE7E7C04680380100B0B5502141430F480368002207E0E41A72
:205C6000051F2D686419641CA2188A4210D21C460368A34208D10368A34205D10368A34205
:205C800002D10368A342F3D09C42E8D9E41AEBE7B0BDC04618E000E0F0B58DB0044607AF82
:205CA0000920F870E320B870CA207870022002903870682004213A4601F08CFBA3217972A6
:205CC0003972F971402323405C20C043002B024601D03D22D243FA70002B024601D03722AB
:205CE000D243BA703F250593002B024600D0EA4301957A70397001252E02314680312140F1
:205D00000691014601D03921C943B97106990029014601D03321C94379710699002901D081
:205D20003B20C04338717D480F300A213A4601F051FB0320272120400490039101D020206C
:205D400000E0C843387075481E3029463A4601F041FB9720C000A10605D4C7210C91724952
:205D60000B91724904E05D210C916D490B916D490A9109210AAA01F02DFB0698002821D07C
:205D8000264001D0642000E06F20C04307AAD070002E01D0492000E04B20C0439070002E01
:205DA00001D0742000E07F20C0435070002E01D04D2000E04F20C043107058480A300421FF
:205DC00001F008FB8B200001E10704D107AAD8211170012149E007AAF82111700125294610
:205DE00001F0F8FA0720FA2100F02AFA0AAA019810702920C7003846294601F0EBFA0AAA16
:205E000000261670F81D294601F0E4FA0AAA14205070167038469630029D294601F0DAFA3E
:205E20000AAA64205070167038469230294601F0D1FA0AAA9020D070F92090708E2050704E
:205E4000167038461430042101F0C4FA0AAA08205070167038461230294601F0BBFA0AAA7B
:205E60005570167010373846294601F0B3FA059DA007039800D52620C04307AA10702C485E
:205E8000012101F0A7FA600704D42A480A9004210AAA09E00AAAC620D070C4209070C220A1
:205EA0005070C020107004211C4801F093FA00F0C9FFE00606D420480A901848801D04211F
:205EC0000AAA0BE00AAA3820D0703020907028205070202010701148801D042101F07AFA3F
:205EE00000F0B0FF0820204381490880002D00D006250698002800D0AD1D1420044201D053
:205F0000102005430498002800D02D1D00F09AFF7648057000200DB0F0BDC046980A00003D
:205F2000B4980D35B8AAB38DB088C3C5B8AAAAAA3D0700008B8B8B8BA3A3A3A380B5012069
:205F4000820203480349C82300F0A2FD80BDC046F60B00000EA10000F0B591B0089307929F
:205F60000C460646169F00253D806048007809A9179A00F015FF0146E843002901D011B038
:205F8000F0BD04A9D0C15A490E880124230214210E4249D001930296099903940A0609A9CE
:205FA0004B781B049C18CA788B781B029A181219079F3A600A9A12064B791B049A18CB7937
:205FC0008E793602F3189B187B600B9B1B064E7A3604F618CB7A8D7A2D02EB189B19BB60C5
:205FE0000C9B1B064D7B2D04EB18CD7B897B09024919C918F9601114494322145243511805
:206000003214524389181A1452438918F12212068918039A520691425FD806990888019B0A
:20602000184308801025029E700602D42846069C18E009A841194A78405D00028018049CB0
:206040002080C8788A781202101860804879097909020818A080069C20880821014321805C
:206060000620284380331E42059D15D009A90A185378095C0902C9182980D17893781B02EB
:20608000591869805179127912025118A980218870220A432280801DB10718D009A90D186D
:2060A000EC786878C1070AD012490A68002A06D007202040411CA006400F90476878000796
:2060C00005D50D480168002901D0A0098847089800F04CFA002011B0F0BD054600F0B2FE67
:2060E00028460021069A118011B0F0BD520420204C0420204004202044042020F0B585B066
:206100001349049113490391134902910026F443C82819D86D462E700746C1B2C82001F087
:206120007DFB401E68700D4802212A4601F052F9002809D10A480C2102AA01F04BF9002803
:2061400002D1084807803446204605B0F0BDC046BBAFDFDFAAF1DFDFFEF2ABC41602000055
:20616000C10A000050042020F0B583B00446032108402D4B1D5C02AA15702C4D285C01AE64
:2061800030702006800F1F5C9770E706BF0FDB5D5370285CB070E85D7070254E304601F0CF
:2061A00019F90027FD43002829D1301D032101AA01F010F9002822D11E4801901E48029024
:2061C00060071FD4A00625D4E00505D501A86721817002A87721817030461A30032102AA22
:2061E00001F0F8F800280AD10B36032101AA304601F0F0F8002802D1104804803D46284694
:2062000003B0F0BD01A82721017002A837210170A006D9D501A84721417002A85721417060
:20622000E005D3D4D8E7C0460B870000088700002604000026466600365676004804202062
:20624000F0B585B00E4605460021CC431920800186426FD8072028406CD0019103AF38463F
:2062600000F030FB3046FBF711F93D49FBF70CF839788A1E0121CA41072A5BD88D21CE05AA
:206280003849C0467A441279520097440E0353075353530B23214E06354906E08B21CE0517
:2062A000324902E045210E062F490294074602F075F8FBF799F8044631462E4604ADE8708C
:2062C000384602F06BF8FBF78FF86870210AA970000A2870AF1CF00706D1B00718D4700701
:2062E000029C2AD4019C25E03C46492087003846B030022104AA01F06DF8002819D1022134
:2063000038462746224601F065F8002811D1E4E7492084002046B430022104AA01F05AF8BC
:20632000002806D1201D02213A4601F053F80028D5D0029C204605B0F0BD492085002846B3
:20634000B830022104AA01F045F80028F2D10835022128463A4601F03DF80028EAD1C1E76C
:2063600000004843000040460000C044000040450000C04507490A68D20708D00A68D207C0
:2063800005D00A68D20702D00A68D207F3D1C2B28A6170470891104010B500228156002916
:2063A00013460CDD03214456002C114617DD06240457002C1BDD19431143084610BD0029C9
:2063C0001FD40123C1560029ECDC00292DD40223C1560029E6DC002935D00623E2E7002C01
:2063E00011D40421415600290FDD0821DFE701221202002CDFD407240457002C0DDD4022E4
:20640000D9E70423CEE72021D1E700290FD40521415600290FDD1021C9E7002C09D40824F3
:20642000005700280BDD8022C5E70523BAE72821BDE74032BFE7002907D03021B7E70028C2
:2064400005D0802004E00723ACE73821AFE7C0201218B0E784B0FFF7CDFA7D208000FFF792
:2064600015FB32A001F0BCF9012003900FE00120FCF772FB3A480770FA203060FEF75AFD81
:20648000FFF75EF9FFF7E8F9C820FFF7FFFA01F069F80446039E00960196002701252846DC
:2064A000394624A22B46FEF78DFA009601960220394622A22B46FEF785FA00960196274E91
:2064C0000320394622A22B46FEF77CFA012CFDD1FEF762FF3068002801D0FEF7F5FFFBF7BD
:2064E0009DFE012802D106201D490870FBF79EFE0128BCD0FBF7A2FD1A490968401AC9280E
:20650000E4D319480068FAF76FFF0246009501970297042128460B46FDF75CFFFDF7E8FB84
:20652000FBF78CFD0F490860D0E7C04624302C302C3123007961773A00000000626C616316
:206540006B5F6C696E655F636F756E743A0000007461726765745F7961773A00080020204E
:206560003804202098062020BC07202070470808F0B585B004462420DC4E305C002802D0DF
:20658000002005B0F0BDB17A0020C74300293ED0FE2214402140357C3174A14200D0C0430C
:2065A000002C14D1317D002911D1044604AB0020187005CEC17B10780122083EFCF77CF809
:2065C000002801D104987074204605B0F0BD717C002912D103AB01221A7031680195756819
:2065E000C97B2D7802902846019DFCF765F801460298002901D103997174002CE5D004463C
:2066000000F020FC014620460029DED03574384605B0F0BDF0B597B015460E46044610A8C4
:20662000019011A8009014A812A90CAA16ABFFF793FC002802D0012017B0F0BD11A800883D
:20664000C00502D4022017B0F0BD0C98FAF716FF61210895CD05294601F0A0FE0A900D9831
:20666000FAF70CFF294601F099FE074605900E98FAF704FF294601F091FE09900F98FAF78B
:20668000FDFE294601F08AFE05460B9003208107384601F083FE0494044606900A98014635
:2066A00001F0E2FD0390099F394601F077FE079606462046294601F071FE314601F0D4FD93
:2066C000FAF7B8FD01F064FA424A434BFAF78EFCFAF77EF804990860384639463D4601F053
:2066E000C3FD06460398059F394601F057FE044630460B9901F052FE214601F0B5FDFAF7EA
:2067000099FD044604913046294601F047FE06460698394601F042FE314601F097FE7F21B2
:20672000C90501F0A1FDFAF785FD02460B462046049901F075FC274A274BFAF757FCFAF773
:2067400047F8079908600A9D28460B9901F026FE04463E463846099F394601F01FFE21463C
:2067600001F082FD014601F07FFDFAF763FD044607913046314601F011FE064628462946AC
:2067800001F00CFE314601F06FFD06463846394601F004FE0146304601F058FE06460B98FB
:2067A000014601F0FBFD0146304601F04FFEFAF741FD02460B462046079901F031FC054A73
:2067C000054BFAF713FCFAF703F808990860002017B0F0BD6666666666A64C40F0B583B0D8
:2067E00000F08AF8000602D0002003B0F0BD7824204600F085FD002802D0012003B0F0BDE0
:206800002420ED4D285C002807D0642000F00CFD002826D0032003B0F0BDAE7A0220002EE1
:20682000E3D0074626402C7C2E74687C002810D102AB01221A70286821466C68C07B0190CA
:2068400020780C460199FBF737FF002801D10298687400F0F7FA002814D02C74384603B05E
:20686000F0BDFFF76BFB000602D0042003B0F0BD1348FFF791FDFFF777FC000606D005206A
:2068800003B0F0BD782E3846AFD1BEE7FF207430FFF702FA000602D0062003B0F0BD6420B8
:2068A000FFF72CFC000602D0072003B0F0BD012000F01AFC002897D0092003B0F0BDC04616
:2068C0000C00202010B501460020BB4B5A7A032A0AD8D200064CD4400C70DB7C002B02D04F
:2068E000044BD3400B7010BDC04310BD180020200204081004081020F0B585B002AB802045
:2069000018704E4F05CF817C10780122083FFBF7D3FE0026F443002818D16420FFF7B6F836
:2069200002AB1E7005CF817C107801252A46083FFBF7C2FE002809D105CF817D10780622B0
:2069400002AB083FFBF794FD002802D0204605B0F0BD02A8417829404279D207520FC07805
:20696000C007800F8018411846D0012902D002295AD13146FF20B87438743A48F881F97492
:206980003D73BC6028047E61BE61FE6138623846233046708670C670067104AB182018706F
:2069A00005CF817910782A46083FFBF785FE0028CCD104A80078C0083872022000F0E8FA06
:2069C0000028C3D12A2000F0F5FB0028BED1322000F02AFC0028B9D10020FFF7C9FD0028FC
:2069E000B4D10025284600F007FB0028AED1284600F086FC2C46A9E705CFC178107801224C
:206A000002AB0192083FFBF733FD00289ED102A801780F20084004280AD000283146A9D17D
:206A20000F4800F00DFD91E70FA0F9F7D1FB8DE703A000F005FD01999CE7C046180020209E
:206A400048616C662073656E7369746976697479207061727420666F756E642E000000008F
:206A6000D8AD0000FFFF0000556E737570706F7274656420736F6674776172652070726FEE
:206A800064756374207265762025642E0A000000F0B58FB005460026F043079100297AD065
:206AA0002524E749095D002975D10094039002920193002D5FD00495A81B83B2102BE04AE7
:206AC00000D31023907A002867D00EA84670370A0770F0B2181884B2506841898C425CD897
:206AE00000781168097E022209930EABFBF7E4FD099BD34D002850D130463E46089080B201
:206B000007990F1805CD417D1078DAB2069205973B46083DFBF7D0FD00283ED1A87A0028D0
:206B20003BD0F0B20EA9089A4A700870686841898C4232D800782968097E02220EABFBF74C
:206B4000BBFDBF49002828D105C9417D10780AAB069AFBF78DFC00281FD10AA90598099C63
:206B60002246F9F78FFC002822D1089EA619B0B2049DA842A0D30EAB02985870000A1870A5
:206B8000AF4C05CC817E10780222083CFBF794FD0028039804D00FB0F0BD03980FB0F0BDAD
:206BA0000120009960540198E08400200FB0F0BD0398401E0FB0F0BD18002020F0B589B043
:206BC0000025EC43282800D9E6E000280AD001942327EE4CE15D012938D0A17C002918D0B9
:206BE000322217E02326E94DA85D002800D1C4E0A87C411E02468A41510003AA11702221D1
:206C0000695C002900D1ACE0002800D1A5E07D20A4E03022009004A802702220205C0028A4
:206C200007D0002901D04D2000E04F20C04304A9087005CC017D1078012604AB3246083C36
:206C4000FBF73AFD0028009800D1E65502A920220A70012831D102A8002141702646A07AAB
:206C6000002811D005A806210170F07A06280BD005CE81781078012205AB083EFBF71CFDDB
:206C8000002801D10598F072019C02AB58788001C01D587005CE817C10780222083EFBF707
:206CA0000BFD002878D10120307535730820B0722846FFF75DFC2C466EE00528264618D89D
:206CC00002A801214170B07A0028019CDDD006A806210170F07A0628D7D005CE81781078C2
:206CE000012206AB083EFBF7E7FC0028CDD1069831E01428019C17D802A802214170B07AC0
:206D00000028C2D007A805210170F07A0528BCD005CE81781078012207AB083EFBF7CCFC27
:206D20000028B2D1079816E002A803214170B07A0028AAD008A804210170F07A0428A4D078
:206D400005CE81781078012208AB083EFBF7B4FC00289AD10898F07297E77F20C04303A9C0
:206D6000087005CD017D1078012203AB083DFBF7A3FC002801D10020A8550720000202AB2F
:206D8000188005CD817C10780222083DFBF794FC002801D100242C75204609B0F0BDC04688
:206DA000F0B585B005462420CE4E305C0024E743002842D0B07A00283FD00291039205CEDE
:206DC000817A1078022204AB083EFBF751FB002833D104A84178007800024218AA4203D2B3
:206DE00000210398017028E070684188490801928A420DD900783168497C012204ABFBF78D
:206E000037FB002819D104A80078C00612D4706800783168C97AEAB2029BFBF729FB0028BB
:206E20000BD10198294600F0F9FC411E03980170274602E000F006F87F1E384605B0F0BD64
:206E40001800202070B582B00026F443F54DA87A00281ED001AB1E7005CDC17B10780122B9
:206E6000083DFBF729FC002813D105CD41791078012201AB083DFBF71FFC002809D105CDA1
:206E800001791078012201AB083DFBF715FC002802D0204602B070BD2420285C002813D0C7
:206EA00001AB0C20187005CD017910780122083DFBF702FC0028ECD13220FEF7E7FDA87A14
:206EC000C0073AD01F2039E001AB0420187005CD017910780122083DFBF7EEFB0028D8D149
:206EE000A97A4020C907014600D06021AA7C002A00D0014601AB197005CD01791078012214
:206F0000083DFBF7D9FB0028C3D13220FEF7BEFD687C411E884101AB187005CDC17B1078D2
:206F20000122083DFBF7C8FB0028B2D105CD41791078083501222B4621E03F20C04301AB95
:206F4000187005CD017910780122083DFBF7B4FB00289ED1687C411E8841400001AB1870B5
:206F600005CDC17B10780122083DFBF7A5FB00288FD101AB1E7005CD417910780122FBF796
:206F80009BFB002885D1344683E7C04618002020F0B581B001460025E843D84EB27A002AB2
:206FA00024D0891E0122D14107291FD8CAB28B23D340DA071AD00E4A525C6B461A700D4A3A
:206FC000515C727A8A4210D006CEC9791478012207462046083EFBF76FFB01463846002964
:206FE00004D168460078C0087072284601B0F0BDFEA0000006A10000F0B581B00446F44D7A
:20700000A87CA04202D1002001B0F0BD05CD0179107801226B46083DFBF72AFA01460026A9
:20702000F043002C1AD0002956D107466B461878DF210140197005CD017910780122083D23
:20704000FBF73AFB00281ED10320FEF71FFD2220285C00282AD07D20C04328E000293BD1F9
:2070600007466B461878DF210140A87AC007800E0818187005CD017910780122083DFBF7F4
:207080001BFB002802D0384601B0F0BD0320FEF7FDFC2220285C411E02468A41D1016A4639
:2070A0001170002805D07F20C04302E00220694608702321695C002903D030210843694635
:2070C000087005CD017D107801226B46083DFBF7F3FA0028384601D001B0F0BDAC743046FD
:2070E00001B0F0BD18002020F0B585B02427D34EF15D0024814259D0002835D02520305C38
:207100000025002851D0002902D1B07A00280CD002AB1D7005CEC17B10780122083EFBF7AB
:20712000CBFA002801D1029870742846FFF764FFF08C00F079F801AB1D70706800782321A1
:2071400001252A46FBF7B8FAF55503AB0220187005CEC17B10782A46083EFBF7ADFA002845
:2071600020D1039870741DE0002902D1B07A00280DD004AB0020187005CEC17B1078012266
:20718000083EFBF799FA002801D104987074307C01AB18707068007823210122FBF78CFA9B
:2071A0000020F055FFF74EFE00E0EC43204605B0F0BDC046F0B581B001460025E8439F4EF1
:2071C000B27A002A27D0BB2901D9012110E0612901D902210CE0292901D9032108E01329AB
:2071E00001D9042104E0092901D8062100E005216A461170F27A8A4211D006CE89781478C9
:2072000001226B4607462046083EFBF755FA01463846002901D001B0F0BD0098F0722846DB
:2072200001B0F0BD18002020F0B583B0054683490026F443887A00285CD02420085C002826
:2072400058D1087D00280BD0681E80B2272804D8E8B2FFF7B3FC34464CE00020FFF7AEFCF5
:2072600000967D20C600B54200D33546042D00D804253046294600F0D1FA401E01AB18706C
:207280006E4D05CD4178107801273A46083DFBF713FA00282ED101A80478611C304600F005
:2072A000BDFAE881A87A002823D0022C10D3052C01D202270CE00B2C01D2032708E0192CE6
:2072C00001D2042704E0322C01D3062700E0052702A80770E87AB8420BD005CD81781078B6
:2072E000012202AB083DFBF7E7F9002801D10298E872009C204603B0F0BDC04618002020F9
:2073000070B582B004464042604161060122490F01D0104600E080016B461870474D41CD64
:20732000817C3078083DFBF7C7F900281CD11021214048424841220904219143A20600D457
:20734000891C0818210700D438306B4619781870BF200840287305CDC17C10780122083D79
:20736000FBF7AAF9002804D00020A872C04302B070BDF720044222D02326A85D00281ED0AD
:20738000A87C411E02468A41510001AA11702221695C002907D0002801D07D2000E07F20BD
:2073A000C04301A9087005CD017D1078012201AB083DFBF781F9002801D10020A855002613
:2073C0002E75AC723220FEF761FB304602B070BD18002020F0B583B003460026F043002AF8
:2073E0001CD0164FBC7A002C18D002AC63701D0A2570DBB25C187B685D89AC420ED8009186
:2074000001921D783968097E022202AB04462846FBF752F901462046002901D003B0F0BD4F
:2074200005CF417D1078009AD2B2019BFBF744F90028F3D0F04303B0F0BDC046180020206D
:20744000F0B581B00446F9F74BF886B2F24A002E37D003231840042E009643D2002300288A
:20746000009E2ED0E55C1168C90708D01168C90705D01168C90702D01168C907F3D19561D2
:2074800001281ED0E3185C781168C90708D01168C90705D01168C90702D01168C907F3D19F
:2074A000946102280DD098781168C90708D01168C90705D01168C90702D01168C907F3D159
:2074C00090611068C00708D01068C00705D01068C00702D01068C007F3D10A209061701CD5
:2074E00001B0F0BD351A002303E096611B1DAB42B5D0E65C1768FF0708D01768FF0705D03F
:207500001768FF0702D01768FF07F3D19661E61877781168C90708D01168C90705D011682F
:20752000C90702D01168C907F3D19761B7781168C90708D01168C90705D01168C90702D01B
:207540001168C907F3D19761F6781168C907CCD01168C907C9D01168C907C6D01168C907C9
:20756000F3D1C2E7F0B583B0FBF7E2FB012400940194002533A2204629462346FDF722FA61
:207580000094019502940D21204622462346FCF79BFD0094019502262EA2304629462346CB
:2075A000FDF710FA2D4F7A57009401950294052103233046FCF70EFFFCF79AFB26460EE01C
:2075C0003878401D38707A57009401950294022005210323FCF7FEFE0A20FEF757FAFAF7A7
:2075E0002DFE01280AD0032802D00228F4D117E078573328E4DBCE203870E1E70094019509
:207600000294701CC1B206292E4600D80646F2B20D2120462346FCF757FDFCF769FBDBE70D
:2076200000945C2000210EA20823FDF77DF9FCF75FFBAF208000FEF729FAFBF779FBF0B218
:2076400003B0F0BD53656C656374204D6F64653A00000000626961733A000000B8072020B3
:207660004F4B212121000000F0B589B00E46044601200790FBF770FA3220FEF707FA1920FC
:207680004001604302B24D480568002738463946FBF780F92046F9F7F1FE049005963146D6
:2076A00000F07CFE294600F0DFFD0546444900F044FA06464349284600F0D6FD0446002E9E
:2076C00000D12C4606974049204600F04EFA06463E49204600F0C8FD0890002E00D1089482
:2076E0003D4F3B483B493A46FEF794FF3868089900F0ACFE0646324900F01FFA0546304683
:20770000304900F0B1FD0446002D00D1344620462D4900F02AFA054620462C4900F0A4FDE9
:20772000002D00D120460799C90788434121090600F01BFA002803D10320FEF7A7F9D0E7C9
:2077400001252846FBF708FA0498059900F026FE1A4F396800F088FD04462048069E8057A7
:20776000F9F78CFE0146204600F07EFD38603868134900F0EDF9002804D13868114900F026
:2077800073FD38603868104900F0CCF9002804D138680E4900F068FD38603868F9F724FEA0
:2077A000024600950196029503200B210423FCF711FEFDF7C5FF09B0F0BDC046B407202027
:2077C000000034430000B4C3000034C30000B4439C072020A0072020BC072020B807202001
:2077E000002817D00178002914D00B4A04E09161581C597800290DD003461068C007F6D030
:207800001068C007F3D01068C007F0D01068C007F3D1ECE77047C0460891104043088B42D3
:207820001AD3002203098B4279D3030A8B425ED3030B8B4242D3030C8B4227D30902FF2217
:2078400012BA030C8B4202D31212090203D0030B8B4233D31AE0D3E0411A8041401C7047EC
:2078600003460B4371D443088B42F5D3002203098B4254D3030A8B4239D3030B8B421DD379
:20788000030C8B4202D394466EE0090AC30B8B4201D3CB03C01A5241830B8B4201D38B0395
:2078A000C01A5241430B8B4201D34B03C01A5241030B8B4201D30B03C01A5241C30A8B42ED
:2078C00001D3CB02C01A5241830A8B4201D38B02C01A5241430A8B4201D34B02C01A5241CA
:2078E000030A8B4201D30B02C01A5241CDD2C3098B4201D3CB01C01A524183098B4201D3EE
:207900008B01C01A524143098B4201D34B01C01A524103098B4201D30B01C01A5241C308D7
:207920008B4201D3CB00C01A524183088B4201D38B00C01A524143088B4201D34B00C01A39
:207940005241411A524110007047CA0F00D04942031000D34042534000229C4603098B42D3
:207960002DD3030A8B4212D38901FC2212BA030A8B420CD3890192118B4208D38901921119
:207980008B4204D3890137D0921100E08909C3098B4201D3CB01C01A524183098B4201D3CA
:2079A0008B01C01A524143098B4201D34B01C01A524103098B4201D30B01C01A5241C30837
:2079C0008B4201D3CB00C01A524183088B4201D38B00C01A5241D9D243088B4201D34B00C8
:2079E000C01A5241411A00D201465241104663465B1000D34042704763465B1000D3404234
:207A000001B50021004201D0C9430846C046C04602BD08084900CA020243100000D00420E9
:207A20004A0D01D001221043044A490D914201D102210843012800D105207047FF07000015
:207A4000F8B504464F1EC8000838211815461E46086849683A4606239A4310D02A46334652
:207A6000F9F7C4FA3A46D200083AA3181A687F1E5B68F9F767F806223B469343EED1022F69
:207A800023D0042F11D0062F2FD12A463346F9F7ADFAE36AA26AF9F755F82A463346F9F7BB
:207AA000A5FA636A226AF9F74DF82A463346F9F79DFAE369A269F9F745F82A463346F9F7CC
:207AC00095FA63692269F9F73DF82A463346F9F78DFAE368A268F9F735F82A463346F9F7F0
:207AE00085FA63682268F9F72DF8F8BD10B50122F9F79CFD10BD10B5F9F724F810BD0022EA
:207B000010B5134610461146F9F74CF810BD0808034A10B500201107F9F788FD10BD0000FD
:207B200001FDFFFF10B500F0E5FBEFF30080800001D5012010BD002010BD10B500F0DAFB97
:207B4000EFF300804000800F012800D0002010BD10B500F0F9FBEFF300804000800F01280B
:207B600001D0012010BD002010BD10B500F0ECFBEFF30080800001D4012010BD002010BD2B
:207B800030380A2801D201207047002070470808F0B504464F008E488FB07F080D460D91EE
:207BA000874228DB4042381820430CD08948874203DC874218D1002C16D020462946FFF7E0
:207BC00095FF0FB0F0BD844A844B20462946F9F70DFA07460E46824A824B20462946F9F73D
:207BE00005FA3A46334649E00120F9F757FCFFF786FF0FB0F0BD7C48874243DAF9208005D1
:207C000087420BDA20462946FFF704FF042801D1FFF77EFF204629460FB0F0BD22462B465D
:207C200010462946F9F7E2F9064602466F480F460B4606217844FFF703FF32463B46F9F7FF
:207C4000D5F906906A48079132463B4604217844FFF7F6FE32463B46F9F7C8F900225C4B3F
:207C6000F8F770FF02460B4607990698F8F79AFF22462B46F9F7BAF922462B46F8F762FFA2
:207C80000FB0F0BD2046524C6900490800222346F8F770FF0022D243F9F7C8FC0546024653
:207CA00054480E460B4606217844FFF7C9FE2A463346F9F79BF906904F4807912A463346C8
:207CC00004217844FFF7BCFE2A463346F9F78EF900222346F8F736FF0591049028463146F5
:207CE00000F06CFA089045480C46874219DB059B049A07990698F8F755FF02460B4621463B
:207D00000898F9F773F92346089AF8F71BFF0122F9F78CFC304A314BF8F721FF304A314BBD
:207D20004AE000273A460B460898F8F70BFF3A4623460A910E9010461946F9F757F92A4601
:207D40003346F8F717FF0A9B0E9AF8F72BFF05460E46059B049A07990698F8F723FF009182
:207D60000490012228463146F9F760FC1A4A1B4BF8F700FF0E460546012221460898F9F7AA
:207D800055FC009B049AF9F731F92A463346F8F7E6FE05460E46012238462146F9F746FCAA
:207DA0000F4C174F22463B46F8F7E4FE2A463346F8F7E0FE22463B46F8F7DCFE0D9A002A0F
:207DC00000DD5DE70122D20751400FB0F0BD00000000F03F0000F07F075C143326A6913CA8
:207DE000182D4454FB21F93F0000E03FE0090000F60900006C090000820900003333EF3FB7
:207E0000FB21E93FF0B589B004460D464800069172494008884215DB7149884203DC8842DA
:207E200007D1002C05D020462946FFF75FFE09B0F0BD6C48002D02DD6B4909B0F0BD6B494D
:207E400009B0F0BD6A49884211DA6A4988420BDA20462946FFF7DEFD042801D1FFF758FE02
:207E60002046294609B0F0BD0026F6435DE06D0061496D08884232DA6049884219DA00263D
:207E8000012332469B0720462946F8F75BFE07460191012220462946F9F7C8FB0022584B38
:207EA000F8F75DFE3A46019BF8F77CFE04460D463BE001260022524B20462946F8F742FE51
:207EC0000746009100224E4B20462946F8F747FE3A46009BF8F766FE04460D4625E049495E
:207EE000884219DA02260022474B20462946F9F77DF80022424BF8F725FE074602910022EC
:207F0000414B20462946F8F72AFE3A46029BF8F749FE04460D4608E0032622462B460020EF
:207F20003A49F8F73FFE04460D4622462B4610461946F9F75BF807460B4602460191F9F7BC
:207F400055F80246029032480B46039106217844FFF776FD3A46019BF9F748F800902D48FE
:207F6000019105217844039B029AFFF769FD039B029AF9F73BF802460B4601990098002EA1
:207F80000BDAF8F7DFFD22462B46F9F72FF822462B46F8F7EFFD09B0F0BDF8F7D3FD224600
:207FA0002B46F9F723F81C4AF6007A4493191A685B68F8F7D4FD22462B46F8F7D0FD174A84
:207FC0007A4493191A685B68F8F7D4FD069A002AE1DA0122D207514009B0F0BD0000104466
:207FE0000000F07F182D4454FB21F93FFB21F9BF0000DC3F0000203E0000F33F0000E63F3D
:208000000000F03F008003400000F83F0000F0BF7E07000040070000DA060000A406000032
:20802000F0B51FB4039A029D53006E422E439446F40F5B084A00574E52081C438E46B44266
:2080400005D847420743FC0F1443B44205D92A466346FFF750FD05B0F0BD4F4E66442E43C4
:208060000AD0CC0F6646B61702273E40264304464A4F144304D00BE0FFF7C4FE05B0F0BDAF
:20808000002EFBD0012EF9D0022E32D0032E34D01C462C430BD03F4CA34216D1A2420AD1C6
:2080A000012189078B438A43114603930DE0704600280FDB25E03A4D7D44002E0ED0012E49
:2080C00010D0022E15D0032E17D0A2421DD17046002816DA3148334905B0F0BD696828683B
:2080E00005B0F0BD01226968D2072868514005B0F0BD38462C4905B0F0BD38462B4905B0D2
:20810000F0BD26482A4905B0F0BDD21A12153C2A02DD224D264C12E06346002B05DA3C2332
:20812000DA4202DA00252C4609E0039B029AF8F739FD49004908FFF765FE05460C46002EAA
:2081400012D0012E0DD01B4A1B4B022E2846214618D0F8F704FD3A46134BF8F700FD05B00A
:20816000F0BD0120C0074440002213462846214600F048F802D10220F9F790F92846214623
:2081800005B0F0BDF8F7EBFC3A46074BF8F7F2FC05B0F0BD0000F07F000010C0182D44547A
:2081A00044060000FB21F9BFFB210940FB2109C0FB21F93F075C143326A6A13CF8B50646B7
:2081C0000C46F9F7DDFA051E0F4600D00120014349000B484908411AC90F0DD0002E01D0DD
:2081E000012100E000210C4361004908401AC00F02D10120F9F752F928463946F8BD000061
:208200000000F07F70B501252D050C001C4310D4EC4206D4AC420AD4994200D070BD9042A5
:2082200070BDE94217D4EB4215D4994270BD894270BDEC4206D5AC42F9D58B4200D070BD56
:20824000824270BD6D004C00EC4204D25C00EC4201D28B4270BD034C30B4F9F741FA30BCCF
:2082600070BD00BF1900120470B50125ED0704004C4020D4441A01D2001B0919C60D4B0094
:20828000F2B2FF2A29D01B0E2CD000020C0228432C43D31ADC40051910D2280A02D3401C9D
:2082A0006D0611D0761EF6058019FF2A00DA70BDC00DC00570BD694000F0CEF8012005438B
:2082C000C541521C761CE8E764089C40C90161408900E7D10124A043E4E71B0E440200D0C3
:2082E000034870BD002AFCD1C00FC00770BD00BF0000C07F0123DB0502000A430DD4DA42FE
:2083000003D49A4207D488427047D84214D4D94212D48842704780427047DA4203D59A4281
:20832000F9D5814270475B004200DA4204D24A00DA4201D28142704710B5024AF9F7A0FA18
:2083400010BD00BF090013040123DB0502000A430DD4DA4203D49A4207D488427047D842F8
:2083600014D4D94212D48842704780427047DA4203D59A42F9D5814270475B004200DA4249
:2083800004D24A00DA4201D28142704710B5024AF9F776FA10BD00BF0900160470B54200CD
:2083A00064414B005C41120E39D01B0E38D0FF2A3CD0FF2B3AD0D2187F3A40024902400AF3
:2083C000490A4518ED0106004E43000A090A48430104731A4019190C4318990F04D05B0876
:2083E000012149075B1A521CD80904D3401CF50301D19D0607D0FF2A08D2D50506D0E40732
:208400002043401970BD0125A843F4E7002A01DCE00770BD2402FF202043C00570BD1B0EA9
:20842000FF2A03D0FF2B01D0E00770BDFF2636064500B54206D84D00B54203D8D218FF2A84
:2084400000D0E7E7004870BD0000C07F70B50125ED0704004C4022D4441A02D26C40001B0C
:208460000919C60D4B00F2B2FF2A4BD01B0E50D000020C02A8432C43D31ADC40051B05D51E
:20848000AD0019D36D08761E521E37D0F605280A01D2801970BD70416D0603D070BD694030
:2084A000FFF7E8FE9C4009026140490001D0401E70BD0124A04370BD6D081DD001202B0CC4
:2084C00001D12D0410302B0E01D12D0208302B0F01D12D01001DAB0F01D1AD00801CEB0FC1
:2084E00001D16D00401C361A121A6D00680AF5054019012A02DB70BD002070BDC036300A81
:20850000C00770BD1B0E440201D1FF2B00D1024870BD002AF0D070BD0000C07F3031323398
:20852000343536373839414243444546403058003031323334353637383961626364656635
:2085400040307800040000080000000000000002000100001080807F7E7D7C7B7A797877C1
:208560007676757473727171706F6E6E6D6C6C6B6A6A69686867666665646463636261619D
:2085800060605F5F5E5E5D5D5C5C5B5B5A5A595958585757565655555554545353525252C6
:2085A00051515050504F4F4F4E4E4D4D4D4C4C4C4B4B4B4A4A4A4949494848484747474747
:2085C0004646464545454444444443434343424242424141418182838485868788898B8C4F
:2085E0008D8E8F919293959697999A9C9D9FA0A2A3A5A7A8AAACAEB0B2B3B5B7B9BCBEC0FD
:20860000C2C5C7C9CCCED1D4D7D9DCDFE2E6E9ECF0F3F7FAFE080808555555555555C53F10
:208620007D6FEB0312D6D4BF5544880E55C1C93F3B8F68B52882A4BF88B20175E0EF493F9D
:2086400009F7FD0DE13D023F4B2D8A1C273A03C0C88A599CE52A004059018D1B6C06E6BFC0
:2086600082922EB1C5B8B33F4FBB610567ACDD3F182D4454FB21E93F9BF681D20B73EF3F48
:20868000182D4454FB21F93FE2652F227F2B7A3C075C143326A6813CBDCBF07A8807703C51
:2086A000075C143326A6913CC4EB98999999C9BF711623FEC671BCBF6D9A74AFF2B0B3BF45
:2086C0009AFDDE522DDEADBF2F6C6A2C44B4A2BF0D5555555555D53FFF8300922449C23F86
:2086E0006E204CC5CD45B73F513DD0A0660DB13FEB0D76244B7BA93F11DA22E33AAD903F8C
:2087000000000000000000000CC92C4CCD6C0000000000000000002F000000000700070096
:2087200000147F147F1400242A7F2A120062640813230036495522500000050300000000A4
:208740001C224100000041221C000014083E08140008083E0808000000A06000000808082F
:208760000808000060600000002010080402003E5149453E0000427F40000042615149460C
:20878000002141454B31001814127F10002745454539003C4A4949300001710905030036B9
:2087A0004949493600064949291E0000363600000000563600000008142241000014141416
:2087C000141400004122140800020151090600324959513E007C1211127C007F494949366F
:2087E000003E41414122007F4141221C007F49494941007F09090901003E4149497A007FD7
:208800000808087F0000417F4100002040413F01007F08142241007F40404040007F020CD5
:20882000027F007F0408107F003E4141413E007F09090906003E4151215E007F091929465F
:208840000046494949310001017F0101003F4040403F001F2040201F003F4038403F0063AE
:208860001408146300070870080700615149454300007F41410000552A552A55000041417E
:208880007F00000402010204004040404040000001020400002054545478007F48444438EA
:2088A00000384444442000384444487F00385454541800087E0901020018A4A4A47C007F30
:2088C000080404780000447D4000004080847D00007F102844000000417F4000007C0418BB
:2088E0000478007C0804047800384444443800FC242424180018242418FC007C0804040834
:2089000000485454542000043F444020003C4040207C001C2040201C003C4030403C004490
:2089200028102844001CA0A0A07C004464544C441414141414140000000000000000000017
:2089400000000000FC000000000002000000000C020C020000000000000090D0BCD0BC90C5
:208960000003000300001824FE448C000302070201001824D8B04C80000300010201C03849
:20898000E438E000010202010202080600000000000000000000000000F8040200000001C4
:2089A0000204000204F800000004020100009060F86090000000010000002020FC20200057
:2089C0000000010000000000000000000806000000002020202020000000000000000000E8
:2089E000000000000002000000000080601C0200040300000000F8040404F800010202026D
:208A000001000008FC00000000020302000018844424180003020202020008042424D800F7
:208A200001020202010040B088FC80000000000302003C242424C400010202020100F824A5
:208A4000242CC0000102020201000C04E41C0400000003000000D8242424D80001020202C4
:208A6000010038444444F800000302020100000010000000000002000000000020000000BF
:208A80000000060000000020508804020000000001029090909090000000000000000002FD
:208AA000048850200002010000001804C4241800000002000000F804E494F8000102020226
:208AC000020000E09CF0800002030000030204FC2424D800020302020100F80404040C0064
:208AE00001020202010004FC0404F80002030202010004FC24740C0002030202030004FCB4
:208B000024740C00020302000000F0080444CC4000010202010004FC2020FC040203000013
:208B200003020404FC040400020203020200000404FC040406040403000004FC24D00C04F8
:208B400002030200030204FC04000000020302020203FC3CC03CFC0003000300030004FCBE
:208B600030C4FC04020302000300F8040404F80001020202010004FC24241800020302008C
:208B80000000F8848404F80001020207050004FC24649800020302000302182424448C006C
:208BA0000302020201000C04FC040C0000020302000004FC0000FC04000102020100047C02
:208BC00080E01C040000030000001CE03CE01C00000300030000049C609C04000203000330
:208BE0000200041CE01C04000002030200000C84641C04000203020203000000FE0202002A
:208C0000000007040400000E30C00000000000010200000202FE000000040407000000042F
:208C20000204000000000000000000000000000008080808080800000200000000000000FC
:208C400000000040A0A0C00000010202030204FC2020C00000030202010000C02020600062
:208C600000010202020000C02024FC0000010202030200C0A0A0C0000001020202000020FC
:208C8000F82424040002030202000040A0A0602000070A0A0A0404FC2020C0000203020057
:208CA00003020020E4000000000203020000000020E4000008080807000004FC80E02020E1
:208CC0000203020003020404FC000000020203020200E020E020C00003000300030020E0B0
:208CE0002020C00002030200030200C02020C00000010202010020E02020C000080F0A027F
:208D0000010000C02020E0000001020A0F0820E0402020000203020000000060A0A0200007
:208D20000002020203000020F820000000000102020020E00020E00000010202030220E0E3
:208D4000208060200000030100006080E080600000030003000020608060200002030003C1
:208D6000020020E0208060200808070100000020A0602000000203020200000020DE020070
:208D8000000000070400000000FF00000000000F00000002DE2000000004070000000201AC
:208DA0000204040200000000000000000000000000000000000000000000000000F80000AF
:208DC0000000000000333000000000100C06100C0600000000000000000040C07840C078FC
:208DE0004000043F04043F040400007088FC08300000001820FF211E0000F008F000E0181F
:208E0000000000211C031E211E0000F00888700000001E2123241927211010160E0000009A
:208E200000000000000000000000000000E018040200000000071820400000020418E000B7
:208E400000000040201807000000404080F0804040000202010F01020200000000F000009A
:208E600000000101011F01010100000000000000000080B07000000000000000000000002D
:208E800000000001010101010101000000000000000000303000000000000000000080608B
:208EA0001804006018060100000000E010080810E000000F102020100F00001010F8000091
:208EC00000000020203F2020000000700808088870000030282422213000003008888848D4
:208EE00030000018202020110E000000C02010F8000000070424243F240000F808888808F5
:208F000008000019212020110E0000E0108888180000000F112020110E0000380808C838D1
:208F200008000000003F000000000070880808887000001C222121221C0000E0100808101C
:208F4000E0000000312222110F00000000C0C000000000000030300000000000008000003C
:208F600000000000806000000000000080402010080000010204081020004040404040405A
:208F800040000404040404040400000810204080000000201008040201000070480808086E
:208FA000F0000000003036010000C030C828E810E0000718272423140B000000C038E0001E
:208FC0000000203C23020227382008F8888888700000203F202020110E00C0300808080899
:208FE0003800071820202010080008F808080810E000203F202020100F0008F88888E808BC
:209000001000203F20202320180008F88888E8081000203F200003000000C0300808083874
:20902000000007182020221E020008F808000008F808203F210101213F20000808F8080865
:2090400000000020203F2020000000000808F8080800C08080807F00000008F888C02818F2
:209060000800203F20012638200008F8080000000000203F20202020300008F8F800F8F8EB
:209080000800203F003F003F200008F830C00008F808203F200007183F00E01008080810DE
:2090A000E0000F10202020100F0008F808080808F000203F210101010000E0100808081087
:2090C000E0000F18242438504F0008F8888888887000203F2000030C3020007088080808EC
:2090E00038000038202121221C00180808F8080818000000203F2000000008F80800000889
:20910000F808001F202020201F000878880000C83808000007380E010000F80800F8000833
:20912000F800033C0700073C0300081868808068180820302C03032C30200838C800C83895
:2091400008000000203F2000000010080808C83808002038262120201800000000FE02025F
:2091600002000000007F40404000000C30C000000000000000010638C00000020202FE00AF
:209180000000004040407F0000000000040202020400000000000000000000000000000082
:2091A0000000808080808080808000020204000000000000000000000000000080808080A7
:2091C00000000019242222223F2008F8008080000000003F112020110E000000008080805E
:2091E0000000000E112020201100000000808088F800000E112020103F2000008080808091
:209200000000001F222222221300008080F0888888180020203F2020000000008080808035
:209220008000006B94949493600008F8008080800000203F210000203F2000809898000065
:2092400000000020203F20200000000000809898000000C08080807F000008F800008080E0
:209260008000203F24022D302000000808F8000000000020203F20200000808080808080A5
:209280008000203F20003F20003F8080008080800000203F210000203F20000080808080B2
:2092A0000000001F202020201F00808000808000000080FFA12020110E00000000808080F1
:2092C0008000000E112020A0FF80808080008080800020203F2120000100000080808080CF
:2092E00080000033242424241900008080E0808000000000001F2020000080800000008053
:209300008000001F202020103F20808080000080808000010E300806010080800080008091
:2093200080800F300C030C300F0000808000808080000020312E0E31200080808000008036
:20934000808080818E701806010000808080808080000021302C2221300000000000807C03
:20936000020200000000003F404000000000FF00000000000000FF0000000002027C80002C
:2093800000000040403F0000000000060101020204040000000000000000000000000000FA
:2093A0000000000000000000000000000000000000000000000000000000000000000000AD
:2093C000000000F0F0F0000000000000000000017F010000000000000000001C1C1C0000E8
:2093E000000000008060301C8C60301C0C00000000000000000000000000000000000000FD
:20940000000000000000000000E00000000000E000000086E69F86868686E69F860000015D
:209420001F01010101011F010100000080C06020F820E0C00000000003070C18FF70E18170
:2094400000000000070F10107F100F0700008060206080000000E02000000F3020309F70B3
:20946000DC371030C0000000100E03000718101807000000C02020E0C0000000000080E06A
:209480001F38E88703C43C040000070F1810100B070D1010080000808C4C380000000000DA
:2094A0000000000000000000000000000000000000000000000000000000000000000000AC
:2094C00080E0300804000000000000FEFF0100000000000000000000030F18204000000464
:2094E0000830E0800000000000000000000001FFFE0000000000004020180F03000000004C
:209500000000000000000000C00000000000004266663C18FF183C666642000000000000C8
:20952000030000000000000000000000800000000000001010101010FF1010101010000009
:20954000000000000300000000000000000000000000000000000000000000000000000008
:20956000000000808C4C38000000000000000000000000000000000000000010101010100B
:2095800010101010100000000000000000000000000000000000000000000000000000007B
:2095A0000000000000000000000000001C1C1C000000000000000000000000000000E0383F
:2095C0000C000000000080701C03000000000060380E0100000000000000000080C0602009
:2095E0002060C080000000FEFF010000000001FFFE000001070E181010180E070100000033
:20960000808080C0E000000000000000000000FFFF000000000000001010101F1F1010108E
:2096200000000080402020202060C080000000030300804020381F070000001C1A19181887
:209640001818181F00000080C020202060C080000000000303001010182FE7800000000788
:209660000F10101010180F070000000000000000C0E0F000000000C0B088868180FFFF80E0
:209680008000000000000010101F1F1010000000E060606060606060000000003F100808ED
:2096A0000818F0E0000000070B101010101C0F030000000080C040202020E0C0000000FCBE
:2096C000FF211008080818F0E0000001070C18101010080F03000000C0E06060606060E084
:2096E0006000000003000000E0180700000000000000001F1F00000000000080C0602020EA
:20970000202060C080000087EF2C1818303068CF830000070F0810101010180F07000000F1
:20972000C0C020202020C0800000001F3F604040402010FFFE0000000C1C101010080F03CC
:20974000000000000000000000000000000000000000000E0E0E0000000000000000001CC3
:209760001C1C0000000000000000000000000000000000000000000C0C0000000000000099
:2097800000000058380000000000000000000000008040201000000010284482010000004A
:2097A0000000000000000000010204081000000000000000000000000000008484848484F6
:2097C000848484848400000000000000000000000000000010204080000000000000000005
:2097E0000000000001824428100000001008040201000000000000C020201010101030E0FB
:20980000C0000003030000F010080C070300000000001C1C1C0000000000000000C04060B0
:2098200020202040C00000FCFF01F00E03C1FE03807F0001070E081111101109040200009A
:20984000000080E0E000000000000000807C4340477FF880000010181F1000000000131F82
:209860001C1020E0E02020202060C080000000FFFF10101010182FE78000101F1F10101052
:209880001010180F0700000080C0402020202060E00000FCFF01000000000000010000013C
:2098A000070E181010100804030020E0E02020202040C080000000FFFF000000000001FF5E
:2098C000FE00101F1F10101018080E07010020E0E020202020202060800000FFFF10101028
:2098E000107C00000000101F1F10101010101018060020E0E020202020206060800000FF51
:20990000FF101010107C00000100101F1F100000000000000000000080C06020202040E00D
:20992000000000FCFF0100004040C0C140400001070E181010100F0F000020E0E02000002E
:20994000000020E0E02000FFFF101010101010FFFF00101F1F1000000000101F1F100000EF
:20996000202020E0E020202000000000000000FFFF000000000000001010101F1F101010CB
:20998000000000000000202020E0E020202000000000000000FFFF0000000060E080808089
:2099A000C07F3F00000020E0E020000020A06020200000FFFF30187CE3C000000000101F35
:2099C0001F10000001131F1C181020E0E020000000000000000000FFFF00000000000000E3
:2099E0000000101F1F10101010101018060020E0E0E000000000E0E0E02000FF013FFEC01E
:209A0000E01E01FFFF00101F1000031F0300101F1F1020E0E0C0000000000020E02000FFC8
:209A20000003071C78E08000FF00101F100000000000030F1F00000080C060202060C08039
:209A4000000000FEFF010000000000FFFE000001070E181010180C07010020E0E020202051
:209A6000202060C0800000FFFF2020202020301F0F00101F1F1000000000000000000000AC
:209A800080C060202060C080000000FEFF010000000000FFFE000001070E1111133C7C67E1
:209AA000210020E0E0202020202060C0800000FFFF101030F0D0080F0700101F1F100000DB
:209AC00000030F1C10100080C060202020204040E00000070F0C1818303060E08100001F26
:209AE0000C0810101010180F07008060202020E0E020202060800100000000FFFF000000A5
:209B0000000100000000101F1F100000000020E0E020000000000020E02000FFFF000000C8
:209B200000000000FF0000070F1810101010100807002060E0E02000000020E060200000B9
:209B4000077FF88000807C03000000000000071F1C070000000020E0E02000E0E0200020BF
:209B6000E0200007FFF8E01FFFFCE01F00000000031F0300011F03000000002060E0A000A6
:209B80000020E0602000000000038F7CF8C6010000000010181E130001171F181000206040
:209BA000E0E02000000020E06020000001073EF8E0180700000000000010101F1F1010008A
:209BC000000000806020202020A0E0E0200000000000C0F03E0F0300000000101C1F171033
:209BE0001010101806000000000000FC0404040404000000000000FF000000000000000008
:209C00000000007F404040404000000010E0000000000000000000000000031C6080000096
:209C2000000000000000000000030C70800000000404040404FC0000000000000000000015
:209C400000FF00000000000040404040407F0000000000000010080C040C081000000000FA
:209C60000000000000000000000000000000000000000000000000000000000000000000E4
:209C80000000000000000000000000000000808080808080808080808080000000040408B4
:209CA00008000000000000000000000000000000000000000000000000000000000000009C
:209CC00000000000000000000000000098D844642424FCF80000000F1F18101010081F1F74
:209CE00010180020E0F000000000000000000000FFFF180804040CF8F00000001F0F1810DC
:209D00001010180F030000000000000000000000000000E0F8180404043C38000000000386
:209D20000F0C10101010080600000000000000000020E0F0000000E0F81C04040408FFFFC4
:209D4000000000030F18101010081F0F08000000000000000000000000000000E0F8484407
:209D600044444C7870000000030F0C181010100804000000000080C0602020E0C000000431
:209D80000404FFFF040404040000000010101F1F101010000000000000000000000000001F
:209DA0000000000070F88C04048CF874040C007076CF8D8D8D89C87870000020E0F000001A
:209DC0000000000000000000FFFF08040404FCF8000000101F1F100000101F1F10000000C1
:209DE000000000606000000000000000040404FCFC000000000000001010101F1F10101001
:209E0000000000000000000000606000000000000000040404FCFC0000000000C0C08080FE
:209E2000C07F3F0000000020E0F000000000000000000000FFFF80C0F41C0404000000104E
:209E40001F1F1100031F1C1010000000202020E0F000000000000000000000FFFF00000027
:209E6000000000001010101F1F101010000000000000000000000000000004FCFC0804FC40
:209E8000FC0804FCFC00101F1F10001F1F10001F1F100000000000000000000000000004C4
:209EA000FCFC08080404FCF8000000101F1F100000101F1F100000000000000000000000E2
:209EC000000000E0F0180C04040C18F0E00000030F0C101010100C0F030000000000000016
:209EE0000000000000000004FCFC080404040CF8F0000080FFFF889010101C0F030000007A
:209F00000000000000000000000000E0F81C04040408F8FC000000030F1810109088FFFFE5
:209F20008000000000000000000000000000040404FCFC100804040C0C001010101F1F10E7
:209F400010100000000000000000000000000000000000003078CCC48484840C1C000000F5
:209F60001E1810101011190F06000000000000C000000000000000040404FFFF0404040066
:209F80000000000000000F1F1010100C00000000000000000000000000000004FCFE000059
:209FA0000004FCFE000000000F1F181010081F0F08000000000000000000000000000004FB
:209FC0000C3CFCC40000C43C0C0400000000010F1E0E01000000000000000000000000002C
:209FE0000000043CFCC400E47CFC84807C040000071F070000071F07000000000000000027
:20A000000000000000000004041C7CE4C0341C0404000010101C1601131F1C1810000000DB
:20A020000000000000000000000000040C3CFCC400C43C0404000000C080C1370E010000C5
:20A04000000000000000000000000000000000001C0404C4F47C1C0400000000101C1F1726
:20A06000111010180E0000000000000000F80C04000000000000001028EF0000000000005A
:20A0800000000000003F60400000000000000000FF0000000000000000000000FF000000E3
:20A0A0000000000000000000FF00000000000000040CF80000000000000000000000EF2882
:20A0C000100000000000000040603F000000000000000018060202040810202030080000DB
:20A0E00000000000000000000000000000000000000000000000FA00F401E803D0070008A7
:20A10000001000000018000100020000000300007000000000240000000200030000006513
:20A120000054FFEF0000FA80000B12820001030C30C30E8C8CE914D5400213710F8E3883AB
:20A14000F8833000F883258EF8833000F883FFFFFFFF0FFEA9D6240004001A8279A100009A
:20A16000003CFFFF00000010000038836FA2003E03304000000002CAE3093E800000200082
:20A180000000000000004000000060000000000C0000000C186E000006920A16C0DFFFFF2C
:20A1A0000256FD8CD377FFE1C496E0C5BEAA00000000FFFF0B2B00001657000003594000F0
:20A1C000000000001DFA00026C1D000000003FFFDFEB003EB3B6000D227800002F3C00001C
:20A1E0000000001942B5000039A20000B365D90E9FC91DCF4C3430000000500000003BB630
:20A200007AE80064000000C8000000000000100000001000FA921000225E000D229F0001A5
:20A22000000000320000FF46000063D400001000000004D6000004CC000004CC00000000E6
:20A240001072000000400000000000000000000600020005000700000000006400000000C4
:20A2600000000000000500050064002000000000000000000000000040000000030000000D
:20A280000032F8980000FF650000830F0000FF9BFC00000000000000000000000000000070
:20A2A00000000000000000000000000000000000000000000000000000000000100040004E
:20A2C0000000000000060000B26A000200000001FB830068000000D9FC007CF1FF830000AF
:20A2E000000000650000006403E800640028000000250000000016A0000000001000000033
:20A300001000002F0000000001F40000100000280000FFFF4581FFFFFA72000000000000A3
:20A320000000004400050005BAC6004778A2000000010000000000000600000000140000D3
:20A34000254D002F706D000005AE000C02D000000000000000000000000000000000001BD3
:20A36000000000000000000000000000000000640000000800000000000000000000000071
:20A380000000000000000000000000000000000000000000000000000000000000000000BD
:20A3A00000000000000000000000000000000000000000000000000000000000000000009D
:20A3C0000000000000000000000000000000001B00000000000000000000000E000E000046
:20A3E0000AC70004000000000032FFFFFF9C00000B2B000000020000000100000064FFE53C
:20A40000000000000000000000000000000000000001000000000001000000000000000139
:20A4200080000001800000018000002426D30000000000000000000600100096003C000095
:20A4400000000000000000000000000000000C0A4E68CDCF770950166759C619CE820000BF
:20A460000000000000000000000000000000000000000000000017D7840003000000000067
:20A48000000000000000C7938F9D1E1B1C19000000000000000000000000000000000000C8
:20A4A000000000000000020318850000400000000003000000030000000000000000400074
:20A4C00000000000000000000000000000000000000000000000000000000000000000007C
:20A4E000000000000000000000000000000000000000677DDF7E72902E554CF6E6880000E6
:20A500000000000000000000000000000000D8DCB4B8B0D8B9ABF3F8FAB3B7BB8E9EAEF15A
:20A5200032F51BF1B4B8B08097F1A9DFDFDFAADFDFDFF2AAC5CDC7A90CC92C97F1A98926B8
:20A540004666B28999A92D557DB0B08AA896365676F1BAA3B4B280C0B8A89711B28398BA26
:20A56000A3F0240844106418B2B9B49883F1A329557DBAB5B1A38393F0002850F5B2B6AA3B
:20A58000839328547CF1B9A3829361BAA2DADEDFDB819AB9AEF5606870F1DABAA2DFD9BAD4
:20A5A000A2FAB9A38292DB31BAA2D9BAA2F8DF85A4D0C1BBAD83C2C5C7B8A2DFDFDFBAA0D7
:20A5C000DFDFDFD8D8F1B8AAB38DB4980D355DB2B6BAAF8C96198F9FA70E161EB49AB8AADD
:20A5E000872C547CBAA4B08AB691325676B28494A4C808CDD8B8B4B0F19982A82D557D98B1
:20A60000A80E161EA22C547C92A4F02C5078F184A898C4CDFCD80DDBA8FC2DF3D9BAA6F8A1
:20A62000DABAA6DED8BAB2B68696A6D0F3C841DAA6C8F8D8B0B4B882A892F52C548898F104
:20A6400035D9F418D8F1A2D0F8F9A884D9C7DFF8F883C5DADF69DF83C1D8F40114F1A88290
:20A660004EA884F311D182F5D992289788F109F41C1CD884A8F3C0F9D1D99782F129F40DAE
:20A68000D8F3F9F9D1D982F4C203D8DEDF1AD8F1A2FAF9A88498D9C7DFF8F8F883C7DADFDD
:20A6A00069DFF883C3D8F40114F198A8822EA884F311D182F5D992509788F109F41CD8849A
:20A6C000A8F3C0F8F9D1D99782F149F40DD8F3F9F9D1D982F4C403D8DEDFD8F1AD8898CC95
:20A6E000A809F9D98292A8F57CF1883ACF944A6E98DB6931DAADF2DEF9D88795A8F221D1FF
:20A70000DAA5F9F417D9F1AE8ED0C0C3AE82C684C3A88595C8A588F2C0F1F4010EF18E9EA6
:20A72000A8C63E56F554F18872F40115F19845856EF58E9E0488F142985A8E9E068869F42F
:20A74000011CF1981E1108D0F504F11E970202983625DBF9D985A5F3C1DA85A5F3DFD885F8
:20A7600095A8F309DAA5FAD88292A8F578F1881A849F26889821DAF41DF3D8879F39D1AF74
:20A78000D9DFDFFBF9F40CF3D8FAD0F8DAF9F9D0DFD9F9D8F40BD8F3879F39D1AFD9DFDF3C
:20A7A000F41DF3D8FAFCA869F9F9AFD0DADEFAD9F88F9FA8F1CCF398DB45D9AFDFD0F8D87D
:20A7C000F18F9FA8CAF38809DAAF8FCBF8D8F2AD978D0CD9A5DFF9BAA6F3FAF412F2D895DA
:20A7E0000DD1D9BAA6F3FADAA5F2C1BAA6F3DFD8F1BAB2B68696A6D0CAF349DAA6CBF8D853
:20A80000B0B4B8D8AD84F2C0DFF18FCBC3A8B2B68696C8C1CBC3F3B0B48898A821DB718D18
:20A820009D71859521D9ADF2FAD88597A828D9F408D8F28D29DAF405D9F285A4C2F2D8A849
:20A840008D9401D1D9F411F2D88721D8F40AD8F28498A8C801D1D9F411D8F3A4C8BBAFD068
:20A86000F2DEF8F8F8F8F8F8F8F8D8F1B8F6B5B9B08A95A3DE3CA3D9F8D85CA3D9F8D87C67
:20A88000A3D9F8D8F8F9D1A5D9DFDAFAD8B18530F7D9DED8F830ADDADED8F2B48C99A32DB5
:20A8A000557DA083DFDFDFB591A0F629D9FBD8A0FC29D9FAD8A0D051D9F8D8FC51D9F9D884
:20A8C00079D9FBD8A0D0FC79D9FAD8A1F9F9F9F9F9A0DADFDFDFD8A1F8F8F8F8F8ACDEF85B
:20A8E000ADDE8393AC2C547CF1A8DFDFDFF69D2CDAA0DFD9FADB2DF8D8A850DAA0D0DED91D
:20A90000D0F8F8F8DB55F8D8A878DAA0D0DFD9D0FAF8F8F8F8DB7DF8D89CA88CF530DB3883
:20A92000D9D0DEDFA0D0DEDFD8A848DB58D9DFD0DEA0DFD0DED8A868DB70D9DFDFA0DFDFCE
:20A94000D8F1A888902C547C98A8D05C38D1DAF2AE8CDFF9D8B087A8C1C1B188A8C6F9F94D
:20A96000DA36D8A8F9DA36D8A8F9DA36D8A8F9DA36D8A8F9DA36D8F78D9DADF818DAF2AE73
:20A98000DFD8F7ADFA30D9A4DEF9D8F2AEDEFAF983A7D9C3C5C7F1889BA77AADF7DEDFA409
:20A9A000F8849408A797F300AEF29819A488C6A39488F632DFF28393DB09D9F2AADFD8D855
:20A9C000AEF8F9D1DAF3A4DEA7F1889B7AD8F38494AE19F9DAAAF1DFD8A881C0C3C5C7A3D9
:20A9E0009283F628ADDED9F8D8A350ADD9F8D8A378ADD9F8D8F8F9D1A1DADEC3C5C7D8A153
:20AA00008194F818F2B089ACC3C5C7F1D8B8B4B09786A8319B069907AB9728889BF00C2026
:20AA20001440B0B4B8F0A88A9A285078B79BA8295179247059446938644831F1BBAB88007F
:20AA40002C547CF0B38BB8A804285078F1B088B49726A85998BBABB38B02264666B0B8F075
:20AA60008A9CA82951798B2951798A2470598B2058718A4469388B3940688A6448318B30AF
:20AA8000496088F1AC002C547CF08CA804285078F1889726A85998AC8C02264666F0899CE4
:20AAA000A8295179247059446938644831A98809205970AB11384069A8193148608CA83C82
:20AAC000415C207C00F187981986A86E767EA999882D557DD8B1B5B9A3DFDFDFAED0DFAA7D
:20AAE000D0DEF2ABF8F9D9B087C4AAF1DFDFBBAFDFDFB9D8B1F1A3978E60DFB084F2C8F8A5
:20AB0000F9D9DED89385F14AB183A308B5839A0810B79F10D8F1B0BAAEB08AC2B2B68E9EBA
:20AB2000F1FBD9F41DD8F9D90CF1D8F8F8AD61D9AEFBD8F40CF1D8F8F8AD19D9AEFBDFD8B0
:20AB4000F416F1D8F8AD8D61D9F4F4ACF59C9C8DDF2BBAB6AEFAF8F40BD8F1AED0F8AD5112
:20AB6000DAAEFAF8F1D8B9B1B6A3839C08B9B1839AB5AAC0FD3083B79F10B58B93F2020223
:20AB8000D1ABDADED8F1B080BAABC0C3B284C1C3D8B1B9F38BA391B609B4D9ABDEB0879C4A
:20ABA000B9A3DDF1B38B8B8B8B8BB087A3A3A3A3B28BB69BF2A3A3A3A3A3A3A3A3A3A3F16F
:20ABC000B087B59AA3F39BA3A3DCBAACDFB9A3A3A3A3A3A3A3A3A3A3A3A3A3A3A3A3D8D8BE
:20ABE000D8BBB3B7F1AAF9DAFFD9809AAA28B48098A720B79787A86688F07951F1902C873A
:20AC00000CA781976293F071716085940129517990A5F1284C6C870C95188578A383902814
:20AC20004C6C886CD8F3A28200F210A8921980A2F2D926D8F188A84DD948D896A83980D902
:20AC40003CD89580A839A68698D92CDA87A72CD8A8899519A980D938D8A88939A980DA3C7B
:20AC6000D8A82EA83990D90CD8A8953198D90CD8A809D9FFD801DAFFD89539A9DA26FFD8D4
:20AC800090A80D8999A810809821DA2ED88999A83180DA2ED8A886963180DA2ED8A887316C
:20ACA00080DA2ED8A88292F34180F1D92ED8A882F31980F1D92ED882ACF3C0A28022F1A6B2
:20ACC0002EA72EA92298A829DAACDEFFD8A2F22AF1A92E8292A8F23180A696F1D900AC8CDF
:20ACE0009C0C30ACDED0DEFFD88C9CACD010ACDE8092A2F24C82A8F1CAF235F19688A6D9A3
:20AD000000D8F1FF0100000000000000000000000000000000000000100000000001000059
:20AD200007000000010000002C00C44104040008220000001F030000010000000000000085
:20AD40000000000008070908020000001F4E0000000000000000000000000000080000005C
:20AD6000180000000030000008010008E8030000000100006800000476005401F7FD000162
:20AD800075191A0C6A231B1C1F207274433B4138393A6B6C376F06246D6E702C00526520B7
:20ADA00025640D0A006D70753D25640D0A004D505536303530204944203D2025780D0A0029
:20ADC0004E6F7420466F756E64204D505536303530204D6F64656C0050726F647563742037
:20ADE00049442072656164206173203020696E646963617465732064657669636520697366
:20AE00002065697468657220696E636F6D70617469626C65206F7220616E204D5055333015
:20AE200035302E0083000000000800000001001832000500000020410000D242295C0F3E5D
:20AE40009A99993E3333733F295C0F3E0808080870AE000000002020580000002001000007
:20AE6000C8AE000058002020880B0000480100000000000000002041FA000000010000008C
:20AE8000010000000108080880AD000074AD0000000000000000000000000000000000004A
:20AEA0000000000000000000000000000000000024AE00000A0000000000000069580000F5
:08AEC000060000000808080864
:04000005000000C136
:00000001FF
